Date,open,high,low,close,volume
2010-04-19,0.10000000149011612,0.15000000596046448,0.10000000149011612,0.15000000596046448,5041
2010-04-20,0.11999999731779099,0.11999999731779099,0.07999999821186066,0.07999999821186066,4166
2010-04-21,0.10000000149011612,0.10000000149011612,0.10000000149011612,0.10000000149011612,2000
2010-04-22,0.12999999523162842,0.13500000536441803,0.12999999523162842,0.13500000536441803,16415
2010-04-23,0.15000000596046448,0.15000000596046448,0.15000000596046448,0.15000000596046448,1825
2010-04-27,0.10000000149011612,0.10000000149011612,0.10000000149011612,0.10000000149011612,9000
2010-04-28,0.10000000149011612,0.17000000178813934,0.10000000149011612,0.17000000178813934,5898
2010-05-14,0.10999999940395355,0.10999999940395355,0.10999999940395355,0.10999999940395355,648
2010-05-19,0.11500000208616257,0.11500000208616257,0.11500000208616257,0.11500000208616257,751
2010-05-20,0.11500000208616257,0.11500000208616257,0.11500000208616257,0.11500000208616257,1000
2010-05-28,0.14499999582767487,0.14499999582767487,0.14499999582767487,0.14499999582767487,1917
2010-06-01,0.10499999672174454,0.10499999672174454,0.10499999672174454,0.10499999672174454,10250
2010-06-03,0.10499999672174454,0.10499999672174454,0.10499999672174454,0.10499999672174454,1667
2010-06-11,0.10499999672174454,0.10499999672174454,0.10499999672174454,0.10499999672174454,1250
2010-06-14,0.10499999672174454,0.10499999672174454,0.10499999672174454,0.10499999672174454,1500
2010-06-15,0.10499999672174454,0.10499999672174454,0.10499999672174454,0.10499999672174454,514
2010-06-22,0.10499999672174454,0.10499999672174454,0.10499999672174454,0.10499999672174454,867
2010-06-30,0.10499999672174454,0.10499999672174454,0.10499999672174454,0.10499999672174454,834
2010-07-14,0.07999999821186066,0.07999999821186066,0.07999999821186066,0.07999999821186066,1250
2010-07-15,0.07999999821186066,0.07999999821186066,0.07999999821186066,0.07999999821186066,21000
2010-07-19,0.07500000298023224,0.07500000298023224,0.07500000298023224,0.07500000298023224,5588
2010-08-23,0.07500000298023224,0.07500000298023224,0.07500000298023224,0.07500000298023224,2056
2010-09-01,0.07500000298023224,0.07500000298023224,0.07500000298023224,0.07500000298023224,2535
2010-09-02,0.07000000029802322,0.10999999940395355,0.07000000029802322,0.10999999940395355,3166
2010-09-03,0.07000000029802322,0.07000000029802322,0.07000000029802322,0.07000000029802322,3259
2010-09-30,0.07999999821186066,0.09000000357627869,0.07999999821186066,0.09000000357627869,2416
2010-10-18,0.07000000029802322,0.07000000029802322,0.07000000029802322,0.07000000029802322,2083
2010-10-27,0.09000000357627869,0.09000000357627869,0.09000000357627869,0.09000000357627869,2000
2010-11-02,0.07000000029802322,0.08500000089406967,0.07000000029802322,0.08500000089406967,9333
2010-11-04,0.09000000357627869,0.125,0.09000000357627869,0.125,20583
2010-11-12,0.09000000357627869,0.09000000357627869,0.09000000357627869,0.09000000357627869,8250
2010-11-23,0.09000000357627869,0.09000000357627869,0.09000000357627869,0.09000000357627869,1666
2010-11-30,0.14000000059604645,0.15000000596046448,0.10999999940395355,0.10999999940395355,11582
2010-12-02,0.10000000149011612,0.10000000149011612,0.0949999988079071,0.0949999988079071,7083
2010-12-03,0.0949999988079071,0.0949999988079071,0.09000000357627869,0.09000000357627869,40216
2010-12-06,0.08500000089406967,0.125,0.08500000089406967,0.125,23500
2010-12-07,0.09000000357627869,0.12999999523162842,0.08500000089406967,0.12999999523162842,23833
2010-12-10,0.09000000357627869,0.09000000357627869,0.09000000357627869,0.09000000357627869,9000
2010-12-15,0.09000000357627869,0.09000000357627869,0.09000000357627869,0.09000000357627869,4374
2010-12-17,0.10000000149011612,0.10999999940395355,0.10000000149011612,0.10999999940395355,5500
2010-12-21,0.08500000089406967,0.09000000357627869,0.08500000089406967,0.09000000357627869,6833
2010-12-23,0.08500000089406967,0.08500000089406967,0.07999999821186066,0.07999999821186066,13333
2011-01-06,0.08500000089406967,0.08500000089406967,0.08500000089406967,0.08500000089406967,10000
2011-01-07,0.09000000357627869,0.0949999988079071,0.09000000357627869,0.0949999988079071,15000
2011-01-10,0.08500000089406967,0.08500000089406967,0.08500000089406967,0.08500000089406967,3500
2011-01-11,0.0949999988079071,0.0949999988079071,0.0949999988079071,0.0949999988079071,2500
2011-01-21,0.0949999988079071,0.0949999988079071,0.0949999988079071,0.0949999988079071,3000
2011-01-28,0.07999999821186066,0.07999999821186066,0.07999999821186066,0.07999999821186066,16909
2011-02-02,0.07999999821186066,0.07999999821186066,0.07999999821186066,0.07999999821186066,2516
2011-02-10,0.09000000357627869,0.11500000208616257,0.09000000357627869,0.09000000357627869,3666
2011-02-14,0.09000000357627869,0.10000000149011612,0.09000000357627869,0.10000000149011612,13000
2011-02-15,0.10000000149011612,0.10999999940395355,0.10000000149011612,0.10999999940395355,30000
2011-02-25,0.11999999731779099,0.11999999731779099,0.11999999731779099,0.11999999731779099,8332
2011-02-28,0.09000000357627869,0.09000000357627869,0.09000000357627869,0.09000000357627869,8333
2011-03-03,0.09000000357627869,0.09000000357627869,0.09000000357627869,0.09000000357627869,1250
2011-03-16,0.10000000149011612,0.10000000149011612,0.10000000149011612,0.10000000149011612,3000
2011-03-30,0.0949999988079071,0.0949999988079071,0.0949999988079071,0.0949999988079071,3690
2011-04-08,0.11999999731779099,0.15000000596046448,0.11999999731779099,0.15000000596046448,11600
2011-04-11,0.15000000596046448,0.15000000596046448,0.15000000596046448,0.15000000596046448,17319
2011-04-13,0.15000000596046448,0.15000000596046448,0.15000000596046448,0.15000000596046448,1700
2011-04-18,0.14000000059604645,0.1599999964237213,0.07999999821186066,0.125,33233
2011-04-20,0.14499999582767487,0.14499999582767487,0.14499999582767487,0.14499999582767487,2500
2011-05-02,0.17000000178813934,0.17000000178813934,0.15000000596046448,0.15000000596046448,7500
2011-05-10,0.11999999731779099,0.11999999731779099,0.11999999731779099,0.11999999731779099,1249
2011-05-13,0.12999999523162842,0.12999999523162842,0.12999999523162842,0.12999999523162842,833
2011-05-18,0.14000000059604645,0.14000000059604645,0.14000000059604645,0.14000000059604645,3160
2011-05-19,0.1599999964237213,0.17000000178813934,0.1599999964237213,0.17000000178813934,6812
2011-05-20,0.18000000715255737,0.20999999344348907,0.18000000715255737,0.20999999344348907,28199
2011-05-24,0.20999999344348907,0.2800000011920929,0.20999999344348907,0.2800000011920929,71958
2011-05-25,0.25999999046325684,0.28999999165534973,0.24500000476837158,0.28999999165534973,56562
2011-05-26,0.28999999165534973,0.30000001192092896,0.28999999165534973,0.30000001192092896,231167
2011-05-31,0.3400000035762787,0.3499999940395355,0.3400000035762787,0.3400000035762787,29666
2011-06-01,0.3400000035762787,0.3499999940395355,0.3400000035762787,0.3499999940395355,89000
2011-06-02,0.3100000023841858,0.33500000834465027,0.30000001192092896,0.33500000834465027,54066
2011-06-03,0.30000001192092896,0.3400000035762787,0.26499998569488525,0.30000001192092896,36000
2011-06-06,0.30000001192092896,0.30000001192092896,0.30000001192092896,0.30000001192092896,10083
2011-06-08,0.30000001192092896,0.30000001192092896,0.2800000011920929,0.2800000011920929,50443
2011-06-10,0.3199999928474426,0.3199999928474426,0.3199999928474426,0.3199999928474426,800
2011-06-13,0.3400000035762787,0.3400000035762787,0.3400000035762787,0.3400000035762787,3218
2011-06-14,0.30000001192092896,0.30000001192092896,0.30000001192092896,0.30000001192092896,700
2011-06-15,0.3700000047683716,0.3700000047683716,0.33000001311302185,0.33000001311302185,7166
2011-06-16,0.3199999928474426,0.3499999940395355,0.3199999928474426,0.3499999940395355,38500
2011-06-17,0.36000001430511475,0.36000001430511475,0.3199999928474426,0.3199999928474426,10933
2011-06-20,0.3199999928474426,0.3199999928474426,0.3100000023841858,0.3100000023841858,33000
2011-06-21,0.3199999928474426,0.36000001430511475,0.3199999928474426,0.3499999940395355,18800
2011-06-22,0.33000001311302185,0.33000001311302185,0.33000001311302185,0.33000001311302185,27833
2011-06-23,0.33000001311302185,0.33000001311302185,0.33000001311302185,0.33000001311302185,13083
2011-06-27,0.3199999928474426,0.3199999928474426,0.3100000023841858,0.3100000023841858,15375
2011-06-28,0.3100000023841858,0.3100000023841858,0.3100000023841858,0.3100000023841858,6530
2011-06-29,0.3100000023841858,0.3799999952316284,0.3100000023841858,0.3799999952316284,24500
2011-06-30,0.3799999952316284,0.4000000059604645,0.36000001430511475,0.4000000059604645,21000
2011-07-05,0.33000001311302185,0.33000001311302185,0.33000001311302185,0.33000001311302185,16000
2011-07-06,0.3199999928474426,0.3199999928474426,0.3199999928474426,0.3199999928474426,10104
2011-07-07,0.3499999940395355,0.38999998569488525,0.3499999940395355,0.38999998569488525,14384
2011-07-11,0.3400000035762787,0.3400000035762787,0.3400000035762787,0.3400000035762787,1000
2011-07-12,0.33000001311302185,0.33000001311302185,0.33000001311302185,0.33000001311302185,2333
2011-07-14,0.3400000035762787,0.3449999988079071,0.3400000035762787,0.3449999988079071,5080
2011-07-25,0.3700000047683716,0.3700000047683716,0.3400000035762787,0.3400000035762787,17666
2011-07-26,0.3400000035762787,0.3400000035762787,0.3400000035762787,0.3400000035762787,33666
2011-07-27,0.3400000035762787,0.3400000035762787,0.3400000035762787,0.3400000035762787,600
2011-07-28,0.3400000035762787,0.3400000035762787,0.3400000035762787,0.3400000035762787,4000
2011-07-29,0.3400000035762787,0.3700000047683716,0.3400000035762787,0.3700000047683716,26000
2011-08-04,0.3700000047683716,0.3700000047683716,0.3700000047683716,0.3700000047683716,500
2011-08-05,0.3400000035762787,0.3700000047683716,0.3199999928474426,0.3700000047683716,50666
2011-08-08,0.3700000047683716,0.3799999952316284,0.3400000035762787,0.3799999952316284,12000
2011-08-12,0.3400000035762787,0.3400000035762787,0.3400000035762787,0.3400000035762787,1350
2011-08-24,0.3499999940395355,0.3499999940395355,0.3499999940395355,0.3499999940395355,9000
2011-08-30,0.36000001430511475,0.36000001430511475,0.36000001430511475,0.36000001430511475,1000
2011-09-02,0.4300000071525574,0.4300000071525574,0.36000001430511475,0.36000001430511475,8500
2011-09-09,0.36000001430511475,0.36000001430511475,0.36000001430511475,0.36000001430511475,500
2011-09-12,0.36000001430511475,0.38499999046325684,0.36000001430511475,0.38499999046325684,9000
2011-09-13,0.36000001430511475,0.36000001430511475,0.3499999940395355,0.3499999940395355,133500
2011-09-14,0.3400000035762787,0.3400000035762787,0.3400000035762787,0.3400000035762787,6833
2011-09-15,0.3400000035762787,0.3400000035762787,0.32499998807907104,0.32499998807907104,12791
2011-09-19,0.32499998807907104,0.32499998807907104,0.3100000023841858,0.3100000023841858,5507
2011-09-20,0.36500000953674316,0.36500000953674316,0.36500000953674316,0.36500000953674316,2000
2011-09-22,0.3199999928474426,0.3199999928474426,0.3199999928474426,0.3199999928474426,8999
2011-09-27,0.33000001311302185,0.33000001311302185,0.33000001311302185,0.33000001311302185,3000
2011-10-04,0.3199999928474426,0.3199999928474426,0.3199999928474426,0.3199999928474426,6500
2011-10-06,0.3199999928474426,0.3199999928474426,0.3199999928474426,0.3199999928474426,500
2011-10-26,0.3499999940395355,0.3499999940395355,0.3499999940395355,0.3499999940395355,5000
2011-11-04,0.28999999165534973,0.28999999165534973,0.28999999165534973,0.28999999165534973,3000
2011-11-14,0.30000001192092896,0.30000001192092896,0.30000001192092896,0.30000001192092896,7000
2011-11-17,0.30000001192092896,0.30000001192092896,0.30000001192092896,0.30000001192092896,0
2011-11-18,0.30000001192092896,0.30000001192092896,0.30000001192092896,0.30000001192092896,0
2011-11-21,0.30000001192092896,0.30000001192092896,0.27000001072883606,0.27000001072883606,2083
2011-11-22,0.27000001072883606,0.27000001072883606,0.27000001072883606,0.27000001072883606,0
2011-11-23,0.27000001072883606,0.27000001072883606,0.27000001072883606,0.27000001072883606,0
2011-11-25,0.27000001072883606,0.27000001072883606,0.27000001072883606,0.27000001072883606,0
2011-11-28,0.27000001072883606,0.27000001072883606,0.25,0.25,10000
2011-11-29,0.30000001192092896,0.30000001192092896,0.30000001192092896,0.30000001192092896,20000
2011-11-30,0.30000001192092896,0.30000001192092896,0.30000001192092896,0.30000001192092896,0
2011-12-01,0.25,0.25,0.2199999988079071,0.2199999988079071,5583
2011-12-02,0.2199999988079071,0.2199999988079071,0.2199999988079071,0.2199999988079071,0
2011-12-05,0.2199999988079071,0.2199999988079071,0.2199999988079071,0.2199999988079071,0
2011-12-06,0.20000000298023224,0.20000000298023224,0.20000000298023224,0.20000000298023224,2000
2011-12-07,0.20000000298023224,0.20000000298023224,0.20000000298023224,0.20000000298023224,0
2011-12-08,0.20000000298023224,0.20000000298023224,0.20000000298023224,0.20000000298023224,0
2011-12-09,0.20000000298023224,0.20000000298023224,0.20000000298023224,0.20000000298023224,0
2011-12-12,0.20000000298023224,0.20000000298023224,0.20000000298023224,0.20000000298023224,0
2011-12-13,0.20000000298023224,0.20000000298023224,0.20000000298023224,0.20000000298023224,6500
2011-12-14,0.20000000298023224,0.20000000298023224,0.20000000298023224,0.20000000298023224,0
2011-12-15,0.20000000298023224,0.20000000298023224,0.20000000298023224,0.20000000298023224,0
2011-12-16,0.20000000298023224,0.20000000298023224,0.20000000298023224,0.20000000298023224,645
2011-12-19,0.20000000298023224,0.20000000298023224,0.20000000298023224,0.20000000298023224,0
2011-12-20,0.20000000298023224,0.20000000298023224,0.20000000298023224,0.20000000298023224,0
2011-12-21,0.20000000298023224,0.20000000298023224,0.20000000298023224,0.20000000298023224,0
2011-12-22,0.20000000298023224,0.20000000298023224,0.20000000298023224,0.20000000298023224,0
2011-12-23,0.20000000298023224,0.20000000298023224,0.20000000298023224,0.20000000298023224,0
2011-12-27,0.20000000298023224,0.20000000298023224,0.20000000298023224,0.20000000298023224,0
2011-12-28,0.20000000298023224,0.20000000298023224,0.20000000298023224,0.20000000298023224,0
2011-12-29,0.20000000298023224,0.20000000298023224,0.20000000298023224,0.20000000298023224,0
2011-12-30,0.20000000298023224,0.20000000298023224,0.20000000298023224,0.20000000298023224,0
2012-01-03,0.2199999988079071,0.2199999988079071,0.2199999988079071,0.2199999988079071,2000
2012-01-04,0.2199999988079071,0.2199999988079071,0.2199999988079071,0.2199999988079071,0
2012-01-05,0.2199999988079071,0.2199999988079071,0.2199999988079071,0.2199999988079071,0
2012-01-06,0.2199999988079071,0.2199999988079071,0.2199999988079071,0.2199999988079071,0
2012-01-09,0.2199999988079071,0.2199999988079071,0.2199999988079071,0.2199999988079071,0
2012-01-10,0.2199999988079071,0.2199999988079071,0.2199999988079071,0.2199999988079071,2000
2012-01-11,0.2199999988079071,0.2199999988079071,0.2199999988079071,0.2199999988079071,0
2012-01-12,0.2199999988079071,0.2199999988079071,0.2199999988079071,0.2199999988079071,0
2012-01-13,0.2199999988079071,0.2199999988079071,0.2199999988079071,0.2199999988079071,0
2012-01-17,0.2199999988079071,0.2199999988079071,0.2199999988079071,0.2199999988079071,0
2012-01-18,0.2199999988079071,0.3100000023841858,0.2199999988079071,0.3100000023841858,6000
2012-01-19,0.25999999046325684,0.25999999046325684,0.25999999046325684,0.25999999046325684,4000
2012-01-20,0.25999999046325684,0.25999999046325684,0.25999999046325684,0.25999999046325684,0
2012-01-23,0.25999999046325684,0.25999999046325684,0.25999999046325684,0.25999999046325684,0
2012-01-24,0.25999999046325684,0.25999999046325684,0.25999999046325684,0.25999999046325684,0
2012-01-25,0.25999999046325684,0.25999999046325684,0.25999999046325684,0.25999999046325684,0
2012-01-26,0.25999999046325684,0.25999999046325684,0.25999999046325684,0.25999999046325684,1000
2012-01-27,0.25999999046325684,0.25999999046325684,0.25999999046325684,0.25999999046325684,0
2012-01-30,0.25999999046325684,0.25999999046325684,0.25999999046325684,0.25999999046325684,0
2012-01-31,0.25999999046325684,0.25999999046325684,0.25999999046325684,0.25999999046325684,0
2012-02-01,0.25999999046325684,0.25999999046325684,0.25999999046325684,0.25999999046325684,0
2012-02-02,0.25999999046325684,0.25999999046325684,0.25999999046325684,0.25999999046325684,5000
2012-02-03,0.25999999046325684,0.25999999046325684,0.25999999046325684,0.25999999046325684,0
2012-02-06,0.25999999046325684,0.25999999046325684,0.25999999046325684,0.25999999046325684,0
2012-02-07,0.25999999046325684,0.25999999046325684,0.25999999046325684,0.25999999046325684,0
2012-02-08,0.25999999046325684,0.25999999046325684,0.25999999046325684,0.25999999046325684,0
2012-02-09,0.25999999046325684,0.25999999046325684,0.25999999046325684,0.25999999046325684,0
2012-02-10,0.25999999046325684,0.25999999046325684,0.25999999046325684,0.25999999046325684,0
2012-02-13,0.25999999046325684,0.25999999046325684,0.25999999046325684,0.25999999046325684,0
2012-02-14,0.25999999046325684,0.25999999046325684,0.25999999046325684,0.25999999046325684,0
2012-02-15,0.25999999046325684,0.25999999046325684,0.25999999046325684,0.25999999046325684,0
2012-02-16,0.2800000011920929,0.2800000011920929,0.2800000011920929,0.2800000011920929,35000
2012-02-17,0.2800000011920929,0.2800000011920929,0.2800000011920929,0.2800000011920929,25000
2012-02-21,0.2800000011920929,0.2800000011920929,0.2800000011920929,0.2800000011920929,0
2012-02-22,0.25999999046325684,0.25999999046325684,0.25999999046325684,0.25999999046325684,4000
2012-02-23,0.25999999046325684,0.25999999046325684,0.25999999046325684,0.25999999046325684,1708
2012-02-24,0.25999999046325684,0.25999999046325684,0.25999999046325684,0.25999999046325684,0
2012-02-27,0.25999999046325684,0.25999999046325684,0.25999999046325684,0.25999999046325684,0
2012-02-28,0.25999999046325684,0.25999999046325684,0.25999999046325684,0.25999999046325684,0
2012-02-29,0.25999999046325684,0.25999999046325684,0.25999999046325684,0.25999999046325684,0
2012-03-01,0.25999999046325684,0.25999999046325684,0.25999999046325684,0.25999999046325684,0
2012-03-02,0.2800000011920929,0.2800000011920929,0.2800000011920929,0.2800000011920929,65000
2012-03-05,0.25999999046325684,0.25999999046325684,0.25999999046325684,0.25999999046325684,0
2012-03-06,0.25999999046325684,0.25999999046325684,0.25999999046325684,0.25999999046325684,0
2012-03-07,0.25999999046325684,0.25999999046325684,0.25999999046325684,0.25999999046325684,0
2012-03-08,0.25999999046325684,0.25999999046325684,0.25999999046325684,0.25999999046325684,0
2012-03-09,0.25999999046325684,0.25999999046325684,0.25999999046325684,0.25999999046325684,716
2012-03-12,0.25999999046325684,0.2800000011920929,0.25,0.2800000011920929,15633
2012-03-13,0.2800000011920929,0.2800000011920929,0.2800000011920929,0.2800000011920929,22000
2012-03-14,0.2800000011920929,0.2800000011920929,0.2800000011920929,0.2800000011920929,1000
2012-03-15,0.2800000011920929,0.2800000011920929,0.2800000011920929,0.2800000011920929,1000
2012-03-16,0.2800000011920929,0.2800000011920929,0.2800000011920929,0.2800000011920929,1000
2012-03-19,0.2800000011920929,0.2800000011920929,0.2800000011920929,0.2800000011920929,0
2012-03-20,0.2800000011920929,0.2800000011920929,0.2800000011920929,0.2800000011920929,0
2012-03-21,0.2800000011920929,0.2800000011920929,0.2800000011920929,0.2800000011920929,0
2012-03-22,0.2800000011920929,0.2800000011920929,0.2800000011920929,0.2800000011920929,0
2012-03-23,0.2800000011920929,0.2800000011920929,0.2800000011920929,0.2800000011920929,0
2012-03-26,0.2800000011920929,0.2800000011920929,0.2800000011920929,0.2800000011920929,0
2012-03-27,0.2800000011920929,0.2800000011920929,0.2800000011920929,0.2800000011920929,0
2012-03-28,0.2800000011920929,0.2800000011920929,0.2800000011920929,0.2800000011920929,0
2012-03-29,0.2800000011920929,0.2800000011920929,0.25999999046325684,0.25999999046325684,31083
2012-03-30,0.25999999046325684,0.25999999046325684,0.25999999046325684,0.25999999046325684,0
2012-04-02,0.2199999988079071,0.2199999988079071,0.2199999988079071,0.2199999988079071,1068
2012-04-03,0.2199999988079071,0.2199999988079071,0.2199999988079071,0.2199999988079071,0
2012-04-04,0.2199999988079071,0.2199999988079071,0.2199999988079071,0.2199999988079071,0
2012-04-05,0.2199999988079071,0.2199999988079071,0.2199999988079071,0.2199999988079071,0
2012-04-09,0.2199999988079071,0.2199999988079071,0.2199999988079071,0.2199999988079071,0
2012-04-10,0.2199999988079071,0.2199999988079071,0.2199999988079071,0.2199999988079071,0
2012-04-11,0.23999999463558197,0.23999999463558197,0.23999999463558197,0.23999999463558197,13500
2012-04-12,0.23999999463558197,0.23999999463558197,0.23999999463558197,0.23999999463558197,541
2012-04-13,0.23999999463558197,0.23999999463558197,0.23999999463558197,0.23999999463558197,0
2012-04-16,0.23999999463558197,0.23999999463558197,0.23999999463558197,0.23999999463558197,0
2012-04-17,0.23999999463558197,0.23999999463558197,0.23999999463558197,0.23999999463558197,0
2012-04-18,0.23999999463558197,0.23999999463558197,0.23999999463558197,0.23999999463558197,0
2012-04-19,0.23999999463558197,0.23999999463558197,0.23999999463558197,0.23999999463558197,0
2012-04-20,0.23999999463558197,0.23999999463558197,0.23999999463558197,0.23999999463558197,0
2012-04-23,0.23999999463558197,0.23999999463558197,0.23999999463558197,0.23999999463558197,0
2012-04-24,0.23999999463558197,0.23999999463558197,0.23999999463558197,0.23999999463558197,0
2012-04-25,0.25999999046325684,0.25999999046325684,0.25999999046325684,0.25999999046325684,2083
2012-04-26,0.25999999046325684,0.25999999046325684,0.25999999046325684,0.25999999046325684,0
2012-04-27,0.23999999463558197,0.23999999463558197,0.23999999463558197,0.23999999463558197,5000
2012-04-30,0.23999999463558197,0.23999999463558197,0.23999999463558197,0.23999999463558197,0
2012-05-01,0.23999999463558197,0.23999999463558197,0.23999999463558197,0.23999999463558197,0
2012-05-02,0.23999999463558197,0.23999999463558197,0.23999999463558197,0.23999999463558197,0
2012-05-03,0.23999999463558197,0.23999999463558197,0.23999999463558197,0.23999999463558197,0
2012-05-04,0.23999999463558197,0.23999999463558197,0.23999999463558197,0.23999999463558197,0
2012-05-07,0.23999999463558197,0.23999999463558197,0.23999999463558197,0.23999999463558197,0
2012-05-08,0.2199999988079071,0.2199999988079071,0.2199999988079071,0.2199999988079071,5000
2012-05-09,0.2199999988079071,0.2199999988079071,0.2199999988079071,0.2199999988079071,0
2012-05-10,0.2199999988079071,0.2199999988079071,0.2199999988079071,0.2199999988079071,0
2012-05-11,0.2199999988079071,0.2199999988079071,0.2199999988079071,0.2199999988079071,0
2012-05-14,0.2199999988079071,0.2199999988079071,0.2199999988079071,0.2199999988079071,0
2012-05-15,0.2199999988079071,0.2199999988079071,0.2199999988079071,0.2199999988079071,0
2012-05-16,0.20000000298023224,0.20000000298023224,0.20000000298023224,0.20000000298023224,1000
2012-05-17,0.20000000298023224,0.20000000298023224,0.20000000298023224,0.20000000298023224,4000
2012-05-18,0.20000000298023224,0.20000000298023224,0.20000000298023224,0.20000000298023224,833
2012-05-21,0.20000000298023224,0.20000000298023224,0.20000000298023224,0.20000000298023224,0
2012-05-22,0.20000000298023224,0.20000000298023224,0.20000000298023224,0.20000000298023224,0
2012-05-23,0.20000000298023224,0.20000000298023224,0.20000000298023224,0.20000000298023224,0
2012-05-24,0.20000000298023224,0.20000000298023224,0.20000000298023224,0.20000000298023224,0
2012-05-25,0.20000000298023224,0.20000000298023224,0.20000000298023224,0.20000000298023224,0
2012-05-29,0.20000000298023224,0.20000000298023224,0.20000000298023224,0.20000000298023224,0
2012-05-30,0.20000000298023224,0.20000000298023224,0.20000000298023224,0.20000000298023224,0
2012-05-31,0.20000000298023224,0.20000000298023224,0.20000000298023224,0.20000000298023224,0
2012-06-01,0.20000000298023224,0.20000000298023224,0.20000000298023224,0.20000000298023224,0
2012-06-04,0.20000000298023224,0.20000000298023224,0.20000000298023224,0.20000000298023224,0
2012-06-05,0.20000000298023224,0.20000000298023224,0.20000000298023224,0.20000000298023224,0
2012-06-06,0.20000000298023224,0.20000000298023224,0.20000000298023224,0.20000000298023224,0
2012-06-07,0.20000000298023224,0.20000000298023224,0.20000000298023224,0.20000000298023224,0
2012-06-08,0.20000000298023224,0.20000000298023224,0.20000000298023224,0.20000000298023224,0
2012-06-11,0.20000000298023224,0.20000000298023224,0.20000000298023224,0.20000000298023224,0
2012-06-12,0.20000000298023224,0.20000000298023224,0.20000000298023224,0.20000000298023224,0
2012-06-13,0.20000000298023224,0.20000000298023224,0.20000000298023224,0.20000000298023224,0
2012-06-14,0.20000000298023224,0.20000000298023224,0.20000000298023224,0.20000000298023224,0
2012-06-15,0.20000000298023224,0.20000000298023224,0.20000000298023224,0.20000000298023224,0
2012-06-18,0.20000000298023224,0.20000000298023224,0.20000000298023224,0.20000000298023224,0
2012-06-19,0.20000000298023224,0.20000000298023224,0.20000000298023224,0.20000000298023224,0
2012-06-20,0.20000000298023224,0.20000000298023224,0.20000000298023224,0.20000000298023224,0
2012-06-21,0.20000000298023224,0.20000000298023224,0.20000000298023224,0.20000000298023224,0
2012-06-22,0.1599999964237213,0.1599999964237213,0.1599999964237213,0.1599999964237213,1433
2012-06-25,0.1599999964237213,0.1599999964237213,0.1599999964237213,0.1599999964237213,0
2012-06-26,0.1599999964237213,0.1599999964237213,0.1599999964237213,0.1599999964237213,0
2012-06-27,0.1599999964237213,0.1599999964237213,0.1599999964237213,0.1599999964237213,1500
2012-06-28,0.1599999964237213,0.1599999964237213,0.1599999964237213,0.1599999964237213,0
2012-06-29,0.1599999964237213,0.1599999964237213,0.1599999964237213,0.1599999964237213,0
2012-07-02,0.1599999964237213,0.1599999964237213,0.1599999964237213,0.1599999964237213,0
2012-07-03,0.24500000476837158,0.24500000476837158,0.24500000476837158,0.24500000476837158,1000
2012-07-05,0.11999999731779099,0.11999999731779099,0.11999999731779099,0.11999999731779099,1500
2012-07-06,0.11999999731779099,0.11999999731779099,0.11999999731779099,0.11999999731779099,0
2012-07-09,0.11999999731779099,0.11999999731779099,0.11999999731779099,0.11999999731779099,0
2012-07-10,0.11999999731779099,0.11999999731779099,0.11999999731779099,0.11999999731779099,0
2012-07-11,0.11999999731779099,0.11999999731779099,0.11999999731779099,0.11999999731779099,0
2012-07-12,0.11999999731779099,0.11999999731779099,0.11999999731779099,0.11999999731779099,0
2012-07-13,0.11999999731779099,0.11999999731779099,0.11999999731779099,0.11999999731779099,0
2012-07-16,0.11999999731779099,0.11999999731779099,0.11999999731779099,0.11999999731779099,0
2012-07-17,0.11999999731779099,0.11999999731779099,0.11999999731779099,0.11999999731779099,0
2012-07-18,0.11999999731779099,0.11999999731779099,0.11999999731779099,0.11999999731779099,0
2012-07-19,0.11999999731779099,0.11999999731779099,0.11999999731779099,0.11999999731779099,0
2012-07-20,0.11999999731779099,0.11999999731779099,0.11999999731779099,0.11999999731779099,0
2012-07-23,0.15000000596046448,0.15000000596046448,0.15000000596046448,0.15000000596046448,4000
2012-07-24,0.15000000596046448,0.15000000596046448,0.15000000596046448,0.15000000596046448,0
2012-07-25,0.15000000596046448,0.15000000596046448,0.15000000596046448,0.15000000596046448,600
2012-07-26,0.14000000059604645,0.14000000059604645,0.14000000059604645,0.14000000059604645,500
2012-07-27,0.14000000059604645,0.14000000059604645,0.14000000059604645,0.14000000059604645,0
2012-07-30,0.14000000059604645,0.14000000059604645,0.14000000059604645,0.14000000059604645,0
2012-07-31,0.14000000059604645,0.14000000059604645,0.14000000059604645,0.14000000059604645,0
2012-08-01,0.14000000059604645,0.14000000059604645,0.14000000059604645,0.14000000059604645,0
2012-08-02,0.14000000059604645,0.14000000059604645,0.14000000059604645,0.14000000059604645,0
2012-08-03,0.07999999821186066,0.07999999821186066,0.07999999821186066,0.07999999821186066,2466
2012-08-06,0.07999999821186066,0.07999999821186066,0.07999999821186066,0.07999999821186066,0
2012-08-07,0.07999999821186066,0.07999999821186066,0.07999999821186066,0.07999999821186066,16093
2012-08-08,0.07999999821186066,0.07999999821186066,0.07999999821186066,0.07999999821186066,0
2012-08-09,0.07999999821186066,0.07999999821186066,0.07999999821186066,0.07999999821186066,0
2012-08-10,0.07999999821186066,0.07999999821186066,0.07999999821186066,0.07999999821186066,0
2012-08-13,0.07999999821186066,0.07999999821186066,0.07999999821186066,0.07999999821186066,0
2012-08-14,0.07999999821186066,0.07999999821186066,0.07999999821186066,0.07999999821186066,0
2012-08-15,0.11999999731779099,0.11999999731779099,0.11999999731779099,0.11999999731779099,2958
2012-08-16,0.15000000596046448,0.15000000596046448,0.07999999821186066,0.07999999821186066,15000
2012-08-17,0.07999999821186066,0.07999999821186066,0.07999999821186066,0.07999999821186066,0
2012-08-20,0.07999999821186066,0.07999999821186066,0.07999999821186066,0.07999999821186066,0
2012-08-21,0.07999999821186066,0.07999999821186066,0.07999999821186066,0.07999999821186066,0
2012-08-22,0.07999999821186066,0.07999999821186066,0.07999999821186066,0.07999999821186066,0
2012-08-23,0.10000000149011612,0.10000000149011612,0.10000000149011612,0.10000000149011612,1500
2012-08-24,0.10000000149011612,0.10000000149011612,0.10000000149011612,0.10000000149011612,0
2012-08-27,0.10000000149011612,0.10000000149011612,0.10000000149011612,0.10000000149011612,0
2012-08-28,0.10000000149011612,0.10000000149011612,0.10000000149011612,0.10000000149011612,0
2012-08-29,0.09000000357627869,0.09000000357627869,0.09000000357627869,0.09000000357627869,3000
2012-08-30,0.09000000357627869,0.09000000357627869,0.09000000357627869,0.09000000357627869,0
2012-08-31,0.09000000357627869,0.09000000357627869,0.09000000357627869,0.09000000357627869,0
2012-09-04,0.09000000357627869,0.09000000357627869,0.09000000357627869,0.09000000357627869,0
2012-09-05,0.09000000357627869,0.09000000357627869,0.09000000357627869,0.09000000357627869,0
2012-09-06,0.09000000357627869,0.09000000357627869,0.09000000357627869,0.09000000357627869,0
2012-09-07,0.09000000357627869,0.09000000357627869,0.09000000357627869,0.09000000357627869,0
2012-09-10,0.09000000357627869,0.09000000357627869,0.09000000357627869,0.09000000357627869,0
2012-09-11,0.09000000357627869,0.09000000357627869,0.09000000357627869,0.09000000357627869,0
2012-09-12,0.09000000357627869,0.09000000357627869,0.09000000357627869,0.09000000357627869,0
2012-09-13,0.09000000357627869,0.09000000357627869,0.09000000357627869,0.09000000357627869,0
2012-09-14,0.10000000149011612,0.10000000149011612,0.10000000149011612,0.10000000149011612,2083
2012-09-17,0.10000000149011612,0.10000000149011612,0.10000000149011612,0.10000000149011612,0
2012-09-18,0.10000000149011612,0.10000000149011612,0.10000000149011612,0.10000000149011612,0
2012-09-19,0.10000000149011612,0.10000000149011612,0.10000000149011612,0.10000000149011612,0
2012-09-20,0.10000000149011612,0.10000000149011612,0.10000000149011612,0.10000000149011612,0
2012-09-21,0.10000000149011612,0.10000000149011612,0.10000000149011612,0.10000000149011612,0
2012-09-24,0.10000000149011612,0.10000000149011612,0.10000000149011612,0.10000000149011612,0
2012-09-25,0.10000000149011612,0.10000000149011612,0.10000000149011612,0.10000000149011612,0
2012-09-26,0.10000000149011612,0.10000000149011612,0.10000000149011612,0.10000000149011612,0
2012-09-27,0.10000000149011612,0.10000000149011612,0.10000000149011612,0.10000000149011612,0
2012-09-28,0.10000000149011612,0.10000000149011612,0.10000000149011612,0.10000000149011612,0
2012-10-01,0.10000000149011612,0.10000000149011612,0.10000000149011612,0.10000000149011612,0
2012-10-02,0.10000000149011612,0.10000000149011612,0.10000000149011612,0.10000000149011612,0
2012-10-03,0.10000000149011612,0.10000000149011612,0.10000000149011612,0.10000000149011612,0
2012-10-04,0.10000000149011612,0.10000000149011612,0.10000000149011612,0.10000000149011612,0
2012-10-05,0.10000000149011612,0.10000000149011612,0.10000000149011612,0.10000000149011612,0
2012-10-08,0.10000000149011612,0.10000000149011612,0.10000000149011612,0.10000000149011612,0
2012-10-09,0.10000000149011612,0.10000000149011612,0.10000000149011612,0.10000000149011612,0
2012-10-10,0.10000000149011612,0.10000000149011612,0.10000000149011612,0.10000000149011612,0
2012-10-11,0.10000000149011612,0.10000000149011612,0.10000000149011612,0.10000000149011612,0
2012-10-12,0.10000000149011612,0.10000000149011612,0.10000000149011612,0.10000000149011612,0
2012-10-15,0.10000000149011612,0.10000000149011612,0.10000000149011612,0.10000000149011612,0
2012-10-16,0.09000000357627869,0.09000000357627869,0.09000000357627869,0.09000000357627869,2077
2012-10-17,0.09000000357627869,0.09000000357627869,0.09000000357627869,0.09000000357627869,0
2012-10-18,0.09000000357627869,0.09000000357627869,0.09000000357627869,0.09000000357627869,0
2012-10-19,0.09000000357627869,0.09000000357627869,0.09000000357627869,0.09000000357627869,0
2012-10-22,0.09000000357627869,0.09000000357627869,0.09000000357627869,0.09000000357627869,0
2012-10-23,0.09000000357627869,0.09000000357627869,0.09000000357627869,0.09000000357627869,0
2012-10-24,0.09000000357627869,0.09000000357627869,0.09000000357627869,0.09000000357627869,0
2012-10-25,0.09000000357627869,0.09000000357627869,0.09000000357627869,0.09000000357627869,0
2012-10-26,0.09000000357627869,0.09000000357627869,0.09000000357627869,0.09000000357627869,0
2012-10-31,0.09000000357627869,0.09000000357627869,0.09000000357627869,0.09000000357627869,0
2012-11-01,0.09000000357627869,0.09000000357627869,0.09000000357627869,0.09000000357627869,0
2012-11-02,0.09000000357627869,0.09000000357627869,0.09000000357627869,0.09000000357627869,0
2012-11-05,0.09000000357627869,0.09000000357627869,0.09000000357627869,0.09000000357627869,0
2012-11-06,0.09000000357627869,0.09000000357627869,0.09000000357627869,0.09000000357627869,0
2012-11-07,0.09000000357627869,0.09000000357627869,0.09000000357627869,0.09000000357627869,0
2012-11-08,0.09000000357627869,0.09000000357627869,0.09000000357627869,0.09000000357627869,0
2012-11-09,0.09000000357627869,0.09000000357627869,0.09000000357627869,0.09000000357627869,0
2012-11-12,0.09000000357627869,0.09000000357627869,0.09000000357627869,0.09000000357627869,0
2012-11-13,0.09000000357627869,0.09000000357627869,0.09000000357627869,0.09000000357627869,0
2012-11-14,0.09000000357627869,0.09000000357627869,0.09000000357627869,0.09000000357627869,0
2012-11-15,0.10000000149011612,0.10000000149011612,0.10000000149011612,0.10000000149011612,28000
2012-11-16,0.10000000149011612,0.10000000149011612,0.10000000149011612,0.10000000149011612,0
2012-11-19,0.09000000357627869,0.09000000357627869,0.07999999821186066,0.07999999821186066,10416
2012-11-20,0.08500000089406967,0.08500000089406967,0.08500000089406967,0.08500000089406967,22000
2012-11-21,0.08500000089406967,0.08500000089406967,0.08500000089406967,0.08500000089406967,0
2012-11-23,0.10000000149011612,0.10000000149011612,0.10000000149011612,0.10000000149011612,24000
2012-11-26,0.10000000149011612,0.10000000149011612,0.10000000149011612,0.10000000149011612,0
2012-11-27,0.10000000149011612,0.10000000149011612,0.10000000149011612,0.10000000149011612,61000
2012-11-28,0.15000000596046448,0.15000000596046448,0.07999999821186066,0.07999999821186066,9749
2012-11-29,0.07999999821186066,0.07999999821186066,0.07999999821186066,0.07999999821186066,0
2012-11-30,0.07999999821186066,0.07999999821186066,0.07999999821186066,0.07999999821186066,0
2012-12-03,0.07999999821186066,0.07999999821186066,0.07999999821186066,0.07999999821186066,0
2012-12-04,0.07999999821186066,0.07999999821186066,0.07999999821186066,0.07999999821186066,0
2012-12-05,0.07999999821186066,0.07999999821186066,0.07999999821186066,0.07999999821186066,0
2012-12-06,0.07999999821186066,0.07999999821186066,0.07999999821186066,0.07999999821186066,0
2012-12-07,0.07999999821186066,0.07999999821186066,0.07999999821186066,0.07999999821186066,0
2012-12-10,0.07999999821186066,0.07999999821186066,0.07999999821186066,0.07999999821186066,0
2012-12-11,0.09000000357627869,0.09000000357627869,0.09000000357627869,0.09000000357627869,11000
2012-12-12,0.10999999940395355,0.10999999940395355,0.10999999940395355,0.10999999940395355,3250
2012-12-13,0.10000000149011612,0.10000000149011612,0.09000000357627869,0.09000000357627869,63000
2012-12-14,0.09000000357627869,0.09000000357627869,0.09000000357627869,0.09000000357627869,0
2012-12-17,0.09000000357627869,0.09000000357627869,0.09000000357627869,0.09000000357627869,0
2012-12-18,0.09000000357627869,0.09000000357627869,0.09000000357627869,0.09000000357627869,0
2012-12-19,0.09000000357627869,0.09000000357627869,0.09000000357627869,0.09000000357627869,0
2012-12-20,0.09000000357627869,0.09000000357627869,0.09000000357627869,0.09000000357627869,0
2012-12-21,0.09000000357627869,0.09000000357627869,0.07999999821186066,0.07999999821186066,40000
2012-12-24,0.07999999821186066,0.07999999821186066,0.07999999821186066,0.07999999821186066,23500
2012-12-26,0.07999999821186066,0.07999999821186066,0.07999999821186066,0.07999999821186066,0
2012-12-27,0.07999999821186066,0.07999999821186066,0.07999999821186066,0.07999999821186066,0
2012-12-28,0.07999999821186066,0.07999999821186066,0.07999999821186066,0.07999999821186066,0
2012-12-31,0.07999999821186066,0.07999999821186066,0.07999999821186066,0.07999999821186066,0
2013-01-02,0.07999999821186066,0.07999999821186066,0.07999999821186066,0.07999999821186066,0
2013-01-03,0.07999999821186066,0.07999999821186066,0.07999999821186066,0.07999999821186066,0
2013-01-04,0.08500000089406967,0.11500000208616257,0.08500000089406967,0.10000000149011612,26833
2013-01-07,0.10000000149011612,0.10000000149011612,0.10000000149011612,0.10000000149011612,0
2013-01-08,0.10000000149011612,0.10000000149011612,0.10000000149011612,0.10000000149011612,0
2013-01-09,0.12999999523162842,0.15000000596046448,0.0949999988079071,0.0949999988079071,15000
2013-01-10,0.11500000208616257,0.11500000208616257,0.11500000208616257,0.11500000208616257,1916
2013-01-11,0.11999999731779099,0.11999999731779099,0.08500000089406967,0.08500000089406967,42500
2013-01-14,0.09000000357627869,0.12999999523162842,0.09000000357627869,0.09000000357627869,8000
2013-01-15,0.10000000149011612,0.10000000149011612,0.10000000149011612,0.10000000149011612,1000
2013-01-16,0.10000000149011612,0.10000000149011612,0.10000000149011612,0.10000000149011612,0
2013-01-17,0.10000000149011612,0.10000000149011612,0.10000000149011612,0.10000000149011612,0
2013-01-18,0.10000000149011612,0.10000000149011612,0.10000000149011612,0.10000000149011612,0
2013-01-22,0.10000000149011612,0.10000000149011612,0.10000000149011612,0.10000000149011612,0
2013-01-23,0.10000000149011612,0.10000000149011612,0.10000000149011612,0.10000000149011612,0
2013-01-24,0.10000000149011612,0.10000000149011612,0.10000000149011612,0.10000000149011612,0
2013-01-25,0.08500000089406967,0.08500000089406967,0.08500000089406967,0.08500000089406967,760
2013-01-28,0.08500000089406967,0.08500000089406967,0.08500000089406967,0.08500000089406967,0
2013-01-29,0.08500000089406967,0.08500000089406967,0.08500000089406967,0.08500000089406967,0
2013-01-30,0.08500000089406967,0.08500000089406967,0.08500000089406967,0.08500000089406967,0
2013-01-31,0.08500000089406967,0.08500000089406967,0.08500000089406967,0.08500000089406967,0
2013-02-01,0.08500000089406967,0.08500000089406967,0.08500000089406967,0.08500000089406967,0
2013-02-04,0.08500000089406967,0.08500000089406967,0.08500000089406967,0.08500000089406967,0
2013-02-05,0.10999999940395355,0.10999999940395355,0.10999999940395355,0.10999999940395355,1250
2013-02-06,0.10999999940395355,0.10999999940395355,0.10999999940395355,0.10999999940395355,0
2013-02-07,0.10999999940395355,0.10999999940395355,0.10999999940395355,0.10999999940395355,0
2013-02-08,0.10999999940395355,0.10999999940395355,0.10999999940395355,0.10999999940395355,0
2013-02-11,0.10999999940395355,0.10999999940395355,0.10999999940395355,0.10999999940395355,0
2013-02-12,0.10999999940395355,0.10999999940395355,0.10999999940395355,0.10999999940395355,0
2013-02-13,0.10999999940395355,0.10999999940395355,0.10999999940395355,0.10999999940395355,0
2013-02-14,0.11999999731779099,0.11999999731779099,0.11999999731779099,0.11999999731779099,4000
2013-02-15,0.11999999731779099,0.11999999731779099,0.11999999731779099,0.11999999731779099,0
2013-02-19,0.11999999731779099,0.11999999731779099,0.11999999731779099,0.11999999731779099,0
2013-02-20,0.11999999731779099,0.11999999731779099,0.11999999731779099,0.11999999731779099,0
2013-02-21,0.11999999731779099,0.11999999731779099,0.11999999731779099,0.11999999731779099,0
2013-02-22,0.15000000596046448,0.15000000596046448,0.15000000596046448,0.15000000596046448,1000
2013-02-25,0.15000000596046448,0.15000000596046448,0.15000000596046448,0.15000000596046448,3000
2013-02-26,0.15000000596046448,0.15000000596046448,0.15000000596046448,0.15000000596046448,0
2013-02-27,0.15000000596046448,0.15000000596046448,0.15000000596046448,0.15000000596046448,1000
2013-02-28,0.15000000596046448,0.15000000596046448,0.15000000596046448,0.15000000596046448,0
2013-03-01,0.15000000596046448,0.15000000596046448,0.15000000596046448,0.15000000596046448,0
2013-03-04,0.15000000596046448,0.17499999701976776,0.15000000596046448,0.17499999701976776,5191
2013-03-05,0.14000000059604645,0.14000000059604645,0.14000000059604645,0.14000000059604645,1000
2013-03-06,0.14000000059604645,0.14000000059604645,0.14000000059604645,0.14000000059604645,0
2013-03-07,0.14000000059604645,0.14000000059604645,0.14000000059604645,0.14000000059604645,0
2013-03-08,0.14000000059604645,0.14000000059604645,0.14000000059604645,0.14000000059604645,0
2013-03-11,0.14000000059604645,0.14000000059604645,0.14000000059604645,0.14000000059604645,0
2013-03-12,0.15000000596046448,0.20000000298023224,0.15000000596046448,0.16500000655651093,5000
2013-03-13,0.16500000655651093,0.16500000655651093,0.16500000655651093,0.16500000655651093,0
2013-03-14,0.16500000655651093,0.16500000655651093,0.16500000655651093,0.16500000655651093,0
2013-03-15,0.16500000655651093,0.16500000655651093,0.16500000655651093,0.16500000655651093,0
2013-03-18,0.16500000655651093,0.16500000655651093,0.16500000655651093,0.16500000655651093,0
2013-03-19,0.16500000655651093,0.16500000655651093,0.16500000655651093,0.16500000655651093,0
2013-03-20,0.16500000655651093,0.16500000655651093,0.16500000655651093,0.16500000655651093,0
2013-03-21,0.16500000655651093,0.16500000655651093,0.16500000655651093,0.16500000655651093,0
2013-03-22,0.16500000655651093,0.16500000655651093,0.16500000655651093,0.16500000655651093,0
2013-03-25,0.16500000655651093,0.16500000655651093,0.16500000655651093,0.16500000655651093,0
2013-03-26,0.16500000655651093,0.16500000655651093,0.16500000655651093,0.16500000655651093,0
2013-03-27,0.17000000178813934,0.17000000178813934,0.14499999582767487,0.14499999582767487,11500
2013-03-28,0.14499999582767487,0.14499999582767487,0.14499999582767487,0.14499999582767487,0
2013-04-01,0.14499999582767487,0.14499999582767487,0.14499999582767487,0.14499999582767487,0
2013-04-02,0.14499999582767487,0.14499999582767487,0.14499999582767487,0.14499999582767487,0
2013-04-03,0.14499999582767487,0.14499999582767487,0.14499999582767487,0.14499999582767487,0
2013-04-04,0.14499999582767487,0.14499999582767487,0.14499999582767487,0.14499999582767487,0
2013-04-05,0.16500000655651093,0.18000000715255737,0.16500000655651093,0.18000000715255737,3000
2013-04-08,0.18000000715255737,0.27000001072883606,0.18000000715255737,0.20499999821186066,15541
2013-04-09,0.2199999988079071,0.23999999463558197,0.2199999988079071,0.23999999463558197,7500
2013-04-10,0.25,0.27000001072883606,0.25,0.25999999046325684,42362
2013-04-11,0.26499998569488525,0.2800000011920929,0.26499998569488525,0.2800000011920929,24325
2013-04-12,0.2800000011920929,0.2849999964237213,0.2800000011920929,0.2849999964237213,37200
2013-04-15,0.29499998688697815,0.29499998688697815,0.28999999165534973,0.29499998688697815,22150
2013-04-16,0.2849999964237213,0.30000001192092896,0.2549999952316284,0.30000001192092896,24000
2013-04-17,0.3050000071525574,0.3050000071525574,0.29499998688697815,0.3050000071525574,14000
2013-04-18,0.3050000071525574,0.3050000071525574,0.3050000071525574,0.3050000071525574,1000
2013-04-19,0.3050000071525574,0.3050000071525574,0.3050000071525574,0.3050000071525574,0
2013-04-22,0.3050000071525574,0.3050000071525574,0.3050000071525574,0.3050000071525574,0
2013-04-23,0.3050000071525574,0.3050000071525574,0.3050000071525574,0.3050000071525574,0
2013-04-24,0.3050000071525574,0.3050000071525574,0.3050000071525574,0.3050000071525574,0
2013-04-25,0.25999999046325684,0.29499998688697815,0.25999999046325684,0.29499998688697815,11000
2013-04-26,0.29499998688697815,0.29499998688697815,0.29499998688697815,0.29499998688697815,0
2013-04-29,0.3400000035762787,0.3400000035762787,0.3199999928474426,0.3199999928474426,2000
2013-04-30,0.3199999928474426,0.3199999928474426,0.3199999928474426,0.3199999928474426,0
2013-05-01,0.3199999928474426,0.3199999928474426,0.3199999928474426,0.3199999928474426,0
2013-05-02,0.3199999928474426,0.3199999928474426,0.3199999928474426,0.3199999928474426,0
2013-05-03,0.3199999928474426,0.3199999928474426,0.3199999928474426,0.3199999928474426,0
2013-05-06,0.3199999928474426,0.3199999928474426,0.3199999928474426,0.3199999928474426,0
2013-05-07,0.3199999928474426,0.3199999928474426,0.3199999928474426,0.3199999928474426,0
2013-05-08,0.3199999928474426,0.3199999928474426,0.3199999928474426,0.3199999928474426,0
2013-05-09,0.3199999928474426,0.3199999928474426,0.3199999928474426,0.3199999928474426,0
2013-05-10,0.3199999928474426,0.3199999928474426,0.3199999928474426,0.3199999928474426,0
2013-05-13,0.3199999928474426,0.3199999928474426,0.3199999928474426,0.3199999928474426,0
2013-05-14,0.3199999928474426,0.3199999928474426,0.3199999928474426,0.3199999928474426,0
2013-05-15,0.25999999046325684,0.2849999964237213,0.25999999046325684,0.2849999964237213,5000
2013-05-16,0.2849999964237213,0.2849999964237213,0.2849999964237213,0.2849999964237213,833
2013-05-17,0.2849999964237213,0.2849999964237213,0.2849999964237213,0.2849999964237213,0
2013-05-20,0.2849999964237213,0.2849999964237213,0.2849999964237213,0.2849999964237213,0
2013-05-21,0.2849999964237213,0.2849999964237213,0.2849999964237213,0.2849999964237213,500
2013-05-22,0.2849999964237213,0.2849999964237213,0.2849999964237213,0.2849999964237213,0
2013-05-23,0.2849999964237213,0.2849999964237213,0.2849999964237213,0.2849999964237213,0
2013-05-24,0.2849999964237213,0.2849999964237213,0.2849999964237213,0.2849999964237213,0
2013-05-28,0.2849999964237213,0.2849999964237213,0.2849999964237213,0.2849999964237213,0
2013-05-29,0.2849999964237213,0.2849999964237213,0.2849999964237213,0.2849999964237213,0
2013-05-30,0.2849999964237213,0.2849999964237213,0.2849999964237213,0.2849999964237213,0
2013-05-31,0.2849999964237213,0.2849999964237213,0.2849999964237213,0.2849999964237213,0
2013-06-03,0.25,0.25,0.25,0.25,2583
2013-06-04,0.25,0.25,0.25,0.25,0
2013-06-05,0.25999999046325684,0.25999999046325684,0.25999999046325684,0.25999999046325684,958
2013-06-06,0.25999999046325684,0.25999999046325684,0.25999999046325684,0.25999999046325684,0
2013-06-07,0.25999999046325684,0.25999999046325684,0.25999999046325684,0.25999999046325684,0
2013-06-10,0.25999999046325684,0.25999999046325684,0.25999999046325684,0.25999999046325684,0
2013-06-11,0.25999999046325684,0.25999999046325684,0.25999999046325684,0.25999999046325684,0
2013-06-12,0.25999999046325684,0.25999999046325684,0.25999999046325684,0.25999999046325684,0
2013-06-13,0.25999999046325684,0.25999999046325684,0.25999999046325684,0.25999999046325684,0
2013-06-14,0.25999999046325684,0.25999999046325684,0.25999999046325684,0.25999999046325684,0
2013-06-17,0.25999999046325684,0.25999999046325684,0.25999999046325684,0.25999999046325684,0
2013-06-18,0.2750000059604645,0.3100000023841858,0.2750000059604645,0.3100000023841858,12104
2013-06-19,0.3100000023841858,0.3100000023841858,0.3100000023841858,0.3100000023841858,0
2013-06-20,0.3100000023841858,0.3100000023841858,0.3100000023841858,0.3100000023841858,0
2013-06-21,0.3100000023841858,0.3100000023841858,0.3100000023841858,0.3100000023841858,0
2013-06-24,0.3100000023841858,0.3100000023841858,0.3100000023841858,0.3100000023841858,0
2013-06-25,0.3100000023841858,0.3100000023841858,0.3100000023841858,0.3100000023841858,0
2013-06-26,0.26499998569488525,0.26499998569488525,0.25999999046325684,0.25999999046325684,27500
2013-06-27,0.25999999046325684,0.29499998688697815,0.25999999046325684,0.29499998688697815,6220
2013-06-28,0.29499998688697815,0.29499998688697815,0.29499998688697815,0.29499998688697815,0
2013-07-01,0.29499998688697815,0.29499998688697815,0.29499998688697815,0.29499998688697815,0
2013-07-02,0.29499998688697815,0.29499998688697815,0.29499998688697815,0.29499998688697815,0
2013-07-03,0.29499998688697815,0.29499998688697815,0.29499998688697815,0.29499998688697815,0
2013-07-05,0.25999999046325684,0.25999999046325684,0.25999999046325684,0.25999999046325684,0
2013-07-08,0.2199999988079071,0.2199999988079071,0.2199999988079071,0.2199999988079071,2083
2013-07-09,0.2199999988079071,0.2199999988079071,0.2199999988079071,0.2199999988079071,0
2013-07-10,0.2199999988079071,0.2199999988079071,0.2199999988079071,0.2199999988079071,0
2013-07-11,0.2199999988079071,0.2199999988079071,0.2199999988079071,0.2199999988079071,0
2013-07-12,0.2199999988079071,0.2199999988079071,0.2199999988079071,0.2199999988079071,0
2013-07-15,0.2199999988079071,0.2199999988079071,0.2199999988079071,0.2199999988079071,0
2013-07-16,0.2199999988079071,0.2199999988079071,0.2199999988079071,0.2199999988079071,0
2013-07-17,0.2199999988079071,0.2199999988079071,0.2199999988079071,0.2199999988079071,0
2013-07-18,0.2199999988079071,0.2199999988079071,0.2199999988079071,0.2199999988079071,0
2013-07-19,0.2199999988079071,0.2199999988079071,0.2199999988079071,0.2199999988079071,0
2013-07-22,0.2199999988079071,0.2199999988079071,0.2199999988079071,0.2199999988079071,0
2013-07-23,0.2199999988079071,0.2199999988079071,0.2199999988079071,0.2199999988079071,0
2013-07-24,0.2199999988079071,0.2199999988079071,0.2199999988079071,0.2199999988079071,0
2013-07-25,0.20000000298023224,0.20000000298023224,0.20000000298023224,0.20000000298023224,14000
2013-07-26,0.20000000298023224,0.20000000298023224,0.20000000298023224,0.20000000298023224,0
2013-07-29,0.20000000298023224,0.20000000298023224,0.20000000298023224,0.20000000298023224,0
2013-07-30,0.1599999964237213,0.1599999964237213,0.1599999964237213,0.1599999964237213,2248
2013-07-31,0.1599999964237213,0.1599999964237213,0.1599999964237213,0.1599999964237213,0
2013-08-01,0.1599999964237213,0.1599999964237213,0.1599999964237213,0.1599999964237213,0
2013-08-02,0.20000000298023224,0.20000000298023224,0.20000000298023224,0.20000000298023224,3500
2013-08-05,0.20000000298023224,0.20000000298023224,0.20000000298023224,0.20000000298023224,0
2013-08-06,0.20000000298023224,0.20000000298023224,0.20000000298023224,0.20000000298023224,0
2013-08-07,0.2199999988079071,0.23999999463558197,0.2199999988079071,0.23999999463558197,6250
2013-08-08,0.2199999988079071,0.25,0.20999999344348907,0.25,20500
2013-08-09,0.25,0.25999999046325684,0.25,0.25999999046325684,9500
2013-08-12,0.25999999046325684,0.25999999046325684,0.25999999046325684,0.25999999046325684,0
2013-08-13,0.25999999046325684,0.25999999046325684,0.25999999046325684,0.25999999046325684,0
2013-08-14,0.27000001072883606,0.27000001072883606,0.25,0.25999999046325684,17509
2013-08-15,0.25999999046325684,0.25999999046325684,0.25999999046325684,0.25999999046325684,0
2013-08-16,0.25999999046325684,0.25999999046325684,0.25999999046325684,0.25999999046325684,0
2013-08-19,0.25999999046325684,0.25999999046325684,0.25999999046325684,0.25999999046325684,0
2013-08-20,0.25999999046325684,0.25999999046325684,0.25999999046325684,0.25999999046325684,0
2013-08-21,0.25,0.25,0.2199999988079071,0.2199999988079071,9500
2013-08-22,0.2199999988079071,0.26499998569488525,0.2199999988079071,0.26499998569488525,16500
2013-08-23,0.23999999463558197,0.23999999463558197,0.23999999463558197,0.23999999463558197,2000
2013-08-26,0.23999999463558197,0.23999999463558197,0.23999999463558197,0.23999999463558197,0
2013-08-27,0.25,0.25,0.25,0.25,20000
2013-08-28,0.25,0.25,0.25,0.25,0
2013-08-29,0.24500000476837158,0.24500000476837158,0.24500000476837158,0.24500000476837158,49000
2013-08-30,0.25,0.27000001072883606,0.25,0.27000001072883606,18000
2013-09-03,0.27000001072883606,0.27000001072883606,0.27000001072883606,0.27000001072883606,0
2013-09-04,0.27000001072883606,0.27000001072883606,0.27000001072883606,0.27000001072883606,0
2013-09-05,0.27000001072883606,0.27000001072883606,0.27000001072883606,0.27000001072883606,0
2013-09-06,0.27000001072883606,0.27000001072883606,0.27000001072883606,0.27000001072883606,0
2013-09-09,0.23999999463558197,0.2750000059604645,0.23999999463558197,0.2750000059604645,10958
2013-09-10,0.2750000059604645,0.2750000059604645,0.2750000059604645,0.2750000059604645,0
2013-09-11,0.2750000059604645,0.2750000059604645,0.2750000059604645,0.2750000059604645,0
2013-09-12,0.2750000059604645,0.2750000059604645,0.2750000059604645,0.2750000059604645,0
2013-09-13,0.2750000059604645,0.2750000059604645,0.2750000059604645,0.2750000059604645,0
2013-09-16,0.23499999940395355,0.25999999046325684,0.23499999940395355,0.25999999046325684,141500
2013-09-17,0.25999999046325684,0.25999999046325684,0.25999999046325684,0.25999999046325684,0
2013-09-18,0.25999999046325684,0.25999999046325684,0.1899999976158142,0.23999999463558197,30458
2013-09-19,0.23999999463558197,0.23999999463558197,0.23999999463558197,0.23999999463558197,0
2013-09-20,0.25,0.25,0.25,0.25,13500
2013-09-23,0.25,0.25,0.25,0.25,0
2013-09-24,0.25,0.25,0.25,0.25,0
2013-09-25,0.25,0.25,0.25,0.25,0
2013-09-26,0.23999999463558197,0.23999999463558197,0.1899999976158142,0.1899999976158142,129000
2013-09-27,0.1899999976158142,0.1899999976158142,0.1899999976158142,0.1899999976158142,0
2013-09-30,0.1899999976158142,0.1899999976158142,0.1899999976158142,0.1899999976158142,0
2013-10-01,0.1899999976158142,0.1899999976158142,0.1899999976158142,0.1899999976158142,0
2013-10-02,0.1899999976158142,0.1899999976158142,0.1899999976158142,0.1899999976158142,0
2013-10-03,0.1899999976158142,0.1899999976158142,0.1899999976158142,0.1899999976158142,0
2013-10-04,0.1899999976158142,0.1899999976158142,0.1899999976158142,0.1899999976158142,0
2013-10-07,0.17499999701976776,0.20999999344348907,0.17499999701976776,0.20999999344348907,26500
2013-10-08,0.20999999344348907,0.20999999344348907,0.20999999344348907,0.20999999344348907,0
2013-10-09,0.2150000035762787,0.2150000035762787,0.20999999344348907,0.20999999344348907,9000
2013-10-10,0.20999999344348907,0.20999999344348907,0.20999999344348907,0.20999999344348907,0
2013-10-11,0.20999999344348907,0.20999999344348907,0.20999999344348907,0.20999999344348907,0
2013-10-14,0.20999999344348907,0.20999999344348907,0.20999999344348907,0.20999999344348907,0
2013-10-15,0.20999999344348907,0.20999999344348907,0.20999999344348907,0.20999999344348907,0
2013-10-16,0.20000000298023224,0.20000000298023224,0.20000000298023224,0.20000000298023224,1666
2013-10-17,0.20000000298023224,0.20000000298023224,0.20000000298023224,0.20000000298023224,0
2013-10-18,0.20000000298023224,0.20000000298023224,0.20000000298023224,0.20000000298023224,0
2013-10-21,0.20000000298023224,0.20000000298023224,0.20000000298023224,0.20000000298023224,0
2013-10-22,0.20000000298023224,0.20000000298023224,0.20000000298023224,0.20000000298023224,0
2013-10-23,0.20000000298023224,0.20000000298023224,0.20000000298023224,0.20000000298023224,1000
2013-10-24,0.20000000298023224,0.20000000298023224,0.20000000298023224,0.20000000298023224,0
2013-10-25,0.20000000298023224,0.20000000298023224,0.20000000298023224,0.20000000298023224,0
2013-10-28,0.20000000298023224,0.20000000298023224,0.20000000298023224,0.20000000298023224,0
2013-10-29,0.20000000298023224,0.20000000298023224,0.20000000298023224,0.20000000298023224,0
2013-10-30,0.20000000298023224,0.20000000298023224,0.20000000298023224,0.20000000298023224,0
2013-10-31,0.1899999976158142,0.1899999976158142,0.18000000715255737,0.18000000715255737,36500
2013-11-01,0.17499999701976776,0.17499999701976776,0.17499999701976776,0.17499999701976776,2500
2013-11-04,0.17499999701976776,0.17499999701976776,0.17499999701976776,0.17499999701976776,0
2013-11-05,0.1550000011920929,0.1550000011920929,0.1550000011920929,0.1550000011920929,21000
2013-11-06,0.14499999582767487,0.14499999582767487,0.14000000059604645,0.14000000059604645,2666
2013-11-07,0.14000000059604645,0.14000000059604645,0.14000000059604645,0.14000000059604645,0
2013-11-08,0.15000000596046448,0.15000000596046448,0.15000000596046448,0.15000000596046448,4000
2013-11-11,0.15000000596046448,0.15000000596046448,0.15000000596046448,0.15000000596046448,0
2013-11-12,0.15000000596046448,0.15000000596046448,0.15000000596046448,0.15000000596046448,0
2013-11-13,0.14000000059604645,0.14000000059604645,0.14000000059604645,0.14000000059604645,854
2013-11-14,0.1599999964237213,0.16500000655651093,0.1599999964237213,0.16500000655651093,13000
2013-11-15,0.16500000655651093,0.16500000655651093,0.16500000655651093,0.16500000655651093,0
2013-11-18,0.15000000596046448,0.15000000596046448,0.15000000596046448,0.15000000596046448,20400
2013-11-19,0.14499999582767487,0.14499999582767487,0.14499999582767487,0.14499999582767487,2016
2013-11-20,0.14499999582767487,0.14499999582767487,0.14499999582767487,0.14499999582767487,0
2013-11-21,0.17000000178813934,0.17000000178813934,0.17000000178813934,0.17000000178813934,15083
2013-11-22,0.17000000178813934,0.17000000178813934,0.17000000178813934,0.17000000178813934,0
2013-11-25,0.20000000298023224,0.20000000298023224,0.20000000298023224,0.20000000298023224,4175
2013-11-26,0.20000000298023224,0.20000000298023224,0.20000000298023224,0.20000000298023224,0
2013-11-27,0.18000000715255737,0.18000000715255737,0.15000000596046448,0.18000000715255737,6450
2013-11-29,0.15000000596046448,0.15000000596046448,0.15000000596046448,0.15000000596046448,0
2013-12-02,0.15000000596046448,0.15000000596046448,0.14499999582767487,0.15000000596046448,38500
2013-12-03,0.15000000596046448,0.15000000596046448,0.15000000596046448,0.15000000596046448,3225
2013-12-04,0.15000000596046448,0.15000000596046448,0.15000000596046448,0.15000000596046448,0
2013-12-05,0.14000000059604645,0.14000000059604645,0.10000000149011612,0.10000000149011612,6582
2013-12-06,0.12999999523162842,0.12999999523162842,0.12999999523162842,0.12999999523162842,2000
2013-12-09,0.12999999523162842,0.12999999523162842,0.12999999523162842,0.12999999523162842,0
2013-12-10,0.12999999523162842,0.12999999523162842,0.12999999523162842,0.12999999523162842,0
2013-12-11,0.12999999523162842,0.12999999523162842,0.12999999523162842,0.12999999523162842,0
2013-12-12,0.12999999523162842,0.12999999523162842,0.12999999523162842,0.12999999523162842,0
2013-12-13,0.10000000149011612,0.11999999731779099,0.07500000298023224,0.11999999731779099,3061
2013-12-16,0.125,0.13500000536441803,0.0949999988079071,0.0949999988079071,15619
2013-12-17,0.0949999988079071,0.0949999988079071,0.0949999988079071,0.0949999988079071,3224
2013-12-18,0.0949999988079071,0.0949999988079071,0.0949999988079071,0.0949999988079071,0
2013-12-19,0.0949999988079071,0.0949999988079071,0.0949999988079071,0.0949999988079071,0
2013-12-20,0.0949999988079071,0.0949999988079071,0.0949999988079071,0.0949999988079071,2000
2013-12-23,0.0949999988079071,0.0949999988079071,0.0949999988079071,0.0949999988079071,0
2013-12-24,0.0949999988079071,0.0949999988079071,0.0949999988079071,0.0949999988079071,0
2013-12-26,0.0949999988079071,0.0949999988079071,0.0949999988079071,0.0949999988079071,0
2013-12-27,0.0949999988079071,0.0949999988079071,0.0949999988079071,0.0949999988079071,0
2013-12-30,0.0949999988079071,0.0949999988079071,0.0949999988079071,0.0949999988079071,0
2013-12-31,0.13500000536441803,0.18000000715255737,0.11999999731779099,0.18000000715255737,39066
2014-01-02,0.1850000023841858,0.1850000023841858,0.16500000655651093,0.16500000655651093,22000
2014-01-03,0.14000000059604645,0.14000000059604645,0.14000000059604645,0.14000000059604645,5000
2014-01-06,0.19499999284744263,0.19499999284744263,0.19499999284744263,0.19499999284744263,500
2014-01-07,0.14499999582767487,0.14499999582767487,0.14499999582767487,0.14499999582767487,2250
2014-01-08,0.14499999582767487,0.14499999582767487,0.14499999582767487,0.14499999582767487,0
2014-01-09,0.15000000596046448,0.15000000596046448,0.15000000596046448,0.15000000596046448,20000
2014-01-10,0.15000000596046448,0.15000000596046448,0.15000000596046448,0.15000000596046448,0
2014-01-13,0.15000000596046448,0.15000000596046448,0.15000000596046448,0.15000000596046448,0
2014-01-14,0.15000000596046448,0.15000000596046448,0.15000000596046448,0.15000000596046448,0
2014-01-15,0.14499999582767487,0.14499999582767487,0.14499999582767487,0.14499999582767487,833
2014-01-16,0.14499999582767487,0.14499999582767487,0.14499999582767487,0.14499999582767487,0
2014-01-17,0.14499999582767487,0.14499999582767487,0.14499999582767487,0.14499999582767487,2266
2014-01-21,0.15000000596046448,0.15000000596046448,0.15000000596046448,0.15000000596046448,80000
2014-01-22,0.15000000596046448,0.15000000596046448,0.15000000596046448,0.15000000596046448,7000
2014-01-23,0.15000000596046448,0.15000000596046448,0.15000000596046448,0.15000000596046448,0
2014-01-24,0.15000000596046448,0.15000000596046448,0.15000000596046448,0.15000000596046448,500
2014-01-27,0.10999999940395355,0.10999999940395355,0.10999999940395355,0.10999999940395355,866
2014-01-28,0.10999999940395355,0.10999999940395355,0.10999999940395355,0.10999999940395355,0
2014-01-29,0.10999999940395355,0.10999999940395355,0.10999999940395355,0.10999999940395355,0
2014-01-30,0.10999999940395355,0.10999999940395355,0.10999999940395355,0.10999999940395355,0
2014-01-31,0.10999999940395355,0.10999999940395355,0.10999999940395355,0.10999999940395355,0
2014-02-03,0.10999999940395355,0.10999999940395355,0.10999999940395355,0.10999999940395355,0
2014-02-04,0.11999999731779099,0.11999999731779099,0.10999999940395355,0.10999999940395355,40500
2014-02-05,0.10999999940395355,0.10999999940395355,0.10999999940395355,0.10999999940395355,12000
2014-02-06,0.10999999940395355,0.10999999940395355,0.10999999940395355,0.10999999940395355,0
2014-02-07,0.125,0.13500000536441803,0.125,0.13500000536441803,26000
2014-02-10,0.10999999940395355,0.10999999940395355,0.10999999940395355,0.10999999940395355,0
2014-02-11,0.10999999940395355,0.10999999940395355,0.10999999940395355,0.10999999940395355,0
2014-02-12,0.10999999940395355,0.10999999940395355,0.10999999940395355,0.10999999940395355,0
2014-02-13,0.10999999940395355,0.10999999940395355,0.10999999940395355,0.10999999940395355,0
2014-02-14,0.14000000059604645,0.14000000059604645,0.13500000536441803,0.13500000536441803,9633
2014-02-18,0.13500000536441803,0.13500000536441803,0.13500000536441803,0.13500000536441803,0
2014-02-19,0.13500000536441803,0.13500000536441803,0.13500000536441803,0.13500000536441803,1566
2014-02-20,0.13500000536441803,0.13500000536441803,0.13500000536441803,0.13500000536441803,0
2014-02-21,0.13500000536441803,0.13500000536441803,0.13500000536441803,0.13500000536441803,0
2014-02-24,0.13500000536441803,0.13500000536441803,0.13500000536441803,0.13500000536441803,0
2014-02-25,0.13500000536441803,0.13500000536441803,0.13500000536441803,0.13500000536441803,0
2014-02-26,0.1550000011920929,0.1550000011920929,0.1550000011920929,0.1550000011920929,8500
2014-02-27,0.1550000011920929,0.1550000011920929,0.1550000011920929,0.1550000011920929,0
2014-02-28,0.18000000715255737,0.18000000715255737,0.18000000715255737,0.18000000715255737,5000
2014-03-03,0.18000000715255737,0.18000000715255737,0.18000000715255737,0.18000000715255737,0
2014-03-04,0.18000000715255737,0.18000000715255737,0.15000000596046448,0.15000000596046448,1566
2014-03-05,0.15000000596046448,0.15000000596046448,0.15000000596046448,0.15000000596046448,0
2014-03-06,0.15000000596046448,0.15000000596046448,0.15000000596046448,0.15000000596046448,0
2014-03-07,0.15000000596046448,0.15000000596046448,0.15000000596046448,0.15000000596046448,0
2014-03-10,0.15000000596046448,0.15000000596046448,0.15000000596046448,0.15000000596046448,0
2014-03-11,0.15000000596046448,0.15000000596046448,0.15000000596046448,0.15000000596046448,0
2014-03-12,0.15000000596046448,0.15000000596046448,0.15000000596046448,0.15000000596046448,0
2014-03-13,0.15000000596046448,0.15000000596046448,0.15000000596046448,0.15000000596046448,0
2014-03-14,0.14499999582767487,0.14499999582767487,0.14499999582767487,0.14499999582767487,500
2014-03-17,0.14499999582767487,0.14499999582767487,0.14499999582767487,0.14499999582767487,0
2014-03-18,0.14499999582767487,0.14499999582767487,0.14499999582767487,0.14499999582767487,0
2014-03-19,0.14499999582767487,0.14499999582767487,0.14499999582767487,0.14499999582767487,0
2014-03-20,0.14499999582767487,0.14499999582767487,0.14499999582767487,0.14499999582767487,0
2014-03-21,0.14499999582767487,0.14499999582767487,0.14499999582767487,0.14499999582767487,0
2014-03-24,0.16500000655651093,0.16500000655651093,0.15000000596046448,0.15000000596046448,13061
2014-03-25,0.15000000596046448,0.15000000596046448,0.15000000596046448,0.15000000596046448,0
2014-03-26,0.1899999976158142,0.2199999988079071,0.1899999976158142,0.2199999988079071,46600
2014-03-27,0.2199999988079071,0.2199999988079071,0.2199999988079071,0.2199999988079071,0
2014-03-28,0.2199999988079071,0.2199999988079071,0.2199999988079071,0.2199999988079071,0
2014-03-31,0.2199999988079071,0.2199999988079071,0.2199999988079071,0.2199999988079071,0
2014-04-01,0.2199999988079071,0.2199999988079071,0.2199999988079071,0.2199999988079071,0
2014-04-02,0.20000000298023224,0.20000000298023224,0.20000000298023224,0.20000000298023224,10000
2014-04-03,0.20000000298023224,0.20000000298023224,0.20000000298023224,0.20000000298023224,5000
2014-04-04,0.20000000298023224,0.20000000298023224,0.18000000715255737,0.18000000715255737,5000
2014-04-07,0.18000000715255737,0.18000000715255737,0.18000000715255737,0.18000000715255737,0
2014-04-08,0.18000000715255737,0.18000000715255737,0.1599999964237213,0.1599999964237213,2000
2014-04-09,0.1550000011920929,0.1550000011920929,0.15000000596046448,0.15000000596046448,23000
2014-04-10,0.15000000596046448,0.15000000596046448,0.15000000596046448,0.15000000596046448,0
2014-04-11,0.1599999964237213,0.1599999964237213,0.1599999964237213,0.1599999964237213,2088
2014-04-14,0.1599999964237213,0.1599999964237213,0.1599999964237213,0.1599999964237213,0
2014-04-15,0.1599999964237213,0.1599999964237213,0.1599999964237213,0.1599999964237213,0
2014-04-16,0.1599999964237213,0.1599999964237213,0.1599999964237213,0.1599999964237213,0
2014-04-17,0.1599999964237213,0.1599999964237213,0.1599999964237213,0.1599999964237213,0
2014-04-21,0.16500000655651093,0.16500000655651093,0.16500000655651093,0.16500000655651093,8170
2014-04-22,0.16500000655651093,0.16500000655651093,0.16500000655651093,0.16500000655651093,0
2014-04-23,0.16500000655651093,0.16500000655651093,0.16500000655651093,0.16500000655651093,0
2014-04-24,0.16500000655651093,0.16500000655651093,0.16500000655651093,0.16500000655651093,0
2014-04-25,0.16500000655651093,0.16500000655651093,0.16500000655651093,0.16500000655651093,0
2014-04-28,0.16500000655651093,0.16500000655651093,0.16500000655651093,0.16500000655651093,0
2014-04-29,0.16500000655651093,0.16500000655651093,0.1599999964237213,0.1599999964237213,40500
2014-04-30,0.1599999964237213,0.1599999964237213,0.1599999964237213,0.1599999964237213,0
2014-05-01,0.1599999964237213,0.1599999964237213,0.1599999964237213,0.1599999964237213,0
2014-05-02,0.1599999964237213,0.1599999964237213,0.1599999964237213,0.1599999964237213,0
2014-05-05,0.1599999964237213,0.1599999964237213,0.1599999964237213,0.1599999964237213,0
2014-05-06,0.1599999964237213,0.1599999964237213,0.1599999964237213,0.1599999964237213,0
2014-05-07,0.14000000059604645,0.14000000059604645,0.07999999821186066,0.10499999672174454,109500
2014-05-08,0.11999999731779099,0.12999999523162842,0.10499999672174454,0.10499999672174454,28019
2014-05-09,0.11500000208616257,0.11500000208616257,0.10499999672174454,0.10499999672174454,3916
2014-05-12,0.10499999672174454,0.10499999672174454,0.10499999672174454,0.10499999672174454,0
2014-05-13,0.11500000208616257,0.11500000208616257,0.11500000208616257,0.11500000208616257,5408
2014-05-14,0.11500000208616257,0.11500000208616257,0.11500000208616257,0.11500000208616257,3500
2014-05-15,0.11500000208616257,0.11500000208616257,0.11500000208616257,0.11500000208616257,0
2014-05-16,0.11500000208616257,0.11500000208616257,0.11500000208616257,0.11500000208616257,0
2014-05-19,0.11500000208616257,0.11500000208616257,0.11500000208616257,0.11500000208616257,0
2014-05-20,0.11500000208616257,0.11500000208616257,0.11500000208616257,0.11500000208616257,0
2014-05-21,0.11500000208616257,0.11500000208616257,0.11500000208616257,0.11500000208616257,0
2014-05-22,0.11500000208616257,0.11500000208616257,0.11500000208616257,0.11500000208616257,0
2014-05-23,0.11500000208616257,0.11500000208616257,0.11500000208616257,0.11500000208616257,0
2014-05-27,0.11500000208616257,0.11500000208616257,0.11500000208616257,0.11500000208616257,0
2014-07-21,0.11500000208616257,0.11500000208616257,0.11500000208616257,0.11500000208616257,0
2014-07-22,0.11500000208616257,0.11500000208616257,0.11500000208616257,0.11500000208616257,0
2014-07-23,0.11500000208616257,0.11500000208616257,0.11500000208616257,0.11500000208616257,0
2014-07-24,0.11500000208616257,0.11500000208616257,0.11500000208616257,0.11500000208616257,0
2014-07-25,0.11500000208616257,0.11500000208616257,0.11500000208616257,0.11500000208616257,0
2014-07-28,0.11500000208616257,0.11500000208616257,0.11500000208616257,0.11500000208616257,0
2014-07-29,0.11500000208616257,0.11500000208616257,0.11500000208616257,0.11500000208616257,0
2014-07-30,0.11500000208616257,0.11500000208616257,0.11500000208616257,0.11500000208616257,0
2014-07-31,0.11500000208616257,0.11500000208616257,0.11500000208616257,0.11500000208616257,0
2014-08-01,0.11500000208616257,0.11500000208616257,0.11500000208616257,0.11500000208616257,0
2014-08-04,0.11500000208616257,0.11500000208616257,0.11500000208616257,0.11500000208616257,0
2014-08-05,0.11500000208616257,0.11500000208616257,0.11500000208616257,0.11500000208616257,0
2014-08-06,0.11500000208616257,0.11500000208616257,0.11500000208616257,0.11500000208616257,0
2014-08-07,0.11500000208616257,0.11500000208616257,0.11500000208616257,0.11500000208616257,0
2014-08-08,0.11500000208616257,0.11500000208616257,0.11500000208616257,0.11500000208616257,0
2014-08-11,0.11500000208616257,0.11500000208616257,0.11500000208616257,0.11500000208616257,0
2014-08-12,0.11500000208616257,0.11500000208616257,0.11500000208616257,0.11500000208616257,0
2014-08-13,0.11500000208616257,0.11500000208616257,0.11500000208616257,0.11500000208616257,0
2014-08-14,0.11500000208616257,0.11500000208616257,0.11500000208616257,0.11500000208616257,0
2014-08-15,0.11500000208616257,0.11500000208616257,0.11500000208616257,0.11500000208616257,0
2014-08-18,0.11500000208616257,0.11500000208616257,0.11500000208616257,0.11500000208616257,0
2014-08-19,0.11500000208616257,0.11500000208616257,0.11500000208616257,0.11500000208616257,0
2014-08-20,0.11500000208616257,0.11500000208616257,0.11500000208616257,0.11500000208616257,0
2014-08-21,0.11500000208616257,0.11500000208616257,0.11500000208616257,0.11500000208616257,0
2014-08-22,0.11500000208616257,0.11500000208616257,0.11500000208616257,0.11500000208616257,0
2014-08-25,0.11500000208616257,0.11500000208616257,0.11500000208616257,0.11500000208616257,0
2014-08-26,0.11500000208616257,0.11500000208616257,0.11500000208616257,0.11500000208616257,0
2014-08-27,0.11500000208616257,0.11500000208616257,0.11500000208616257,0.11500000208616257,0
2014-08-28,0.11500000208616257,0.11500000208616257,0.11500000208616257,0.11500000208616257,0
2014-08-29,0.11500000208616257,0.11500000208616257,0.11500000208616257,0.11500000208616257,0
2014-09-02,0.11500000208616257,0.11500000208616257,0.11500000208616257,0.11500000208616257,0
2014-09-03,0.11500000208616257,0.11500000208616257,0.11500000208616257,0.11500000208616257,0
2014-09-04,0.11500000208616257,0.11500000208616257,0.11500000208616257,0.11500000208616257,0
2014-09-05,0.11500000208616257,0.11500000208616257,0.11500000208616257,0.11500000208616257,0
2014-09-08,0.11500000208616257,0.11500000208616257,0.11500000208616257,0.11500000208616257,0
2014-09-09,0.11500000208616257,0.11500000208616257,0.11500000208616257,0.11500000208616257,0
2014-09-10,0.11500000208616257,0.11500000208616257,0.11500000208616257,0.11500000208616257,0
2014-09-11,0.11500000208616257,0.11500000208616257,0.11500000208616257,0.11500000208616257,0
2014-09-12,0.11500000208616257,0.11500000208616257,0.11500000208616257,0.11500000208616257,0
2014-09-15,0.11500000208616257,0.11500000208616257,0.11500000208616257,0.11500000208616257,0
2014-09-16,0.11500000208616257,0.11500000208616257,0.11500000208616257,0.11500000208616257,0
2014-09-17,0.11500000208616257,0.11500000208616257,0.11500000208616257,0.11500000208616257,0
2014-09-18,0.11500000208616257,0.11500000208616257,0.11500000208616257,0.11500000208616257,0
2014-09-19,0.11500000208616257,0.11500000208616257,0.11500000208616257,0.11500000208616257,0
2014-09-22,0.11500000208616257,0.11500000208616257,0.11500000208616257,0.11500000208616257,0
2014-09-23,0.11500000208616257,0.11500000208616257,0.11500000208616257,0.11500000208616257,0
2014-09-24,0.11500000208616257,0.11500000208616257,0.11500000208616257,0.11500000208616257,0
2014-09-25,0.11500000208616257,0.11500000208616257,0.11500000208616257,0.11500000208616257,0
2014-09-26,0.11500000208616257,0.11500000208616257,0.11500000208616257,0.11500000208616257,0
2014-09-29,0.11500000208616257,0.11500000208616257,0.11500000208616257,0.11500000208616257,0
2014-09-30,0.11500000208616257,0.11500000208616257,0.11500000208616257,0.11500000208616257,0
2014-10-01,0.11500000208616257,0.11500000208616257,0.11500000208616257,0.11500000208616257,0
2014-10-02,0.11500000208616257,0.11500000208616257,0.11500000208616257,0.11500000208616257,0
2014-10-03,0.11500000208616257,0.11500000208616257,0.11500000208616257,0.11500000208616257,0
2014-10-16,0.11500000208616257,0.11500000208616257,0.11500000208616257,0.11500000208616257,0
2014-10-17,0.11500000208616257,0.11500000208616257,0.11500000208616257,0.11500000208616257,0
2014-10-20,0.11500000208616257,0.11500000208616257,0.11500000208616257,0.11500000208616257,0
2014-10-21,0.11500000208616257,0.11500000208616257,0.11500000208616257,0.11500000208616257,0
2014-10-22,0.11500000208616257,0.11500000208616257,0.11500000208616257,0.11500000208616257,0
2014-10-23,0.11500000208616257,0.11500000208616257,0.11500000208616257,0.11500000208616257,0
2014-10-24,0.11500000208616257,0.11500000208616257,0.11500000208616257,0.11500000208616257,0
2014-10-27,0.11500000208616257,0.11500000208616257,0.11500000208616257,0.11500000208616257,0
2014-10-28,0.11500000208616257,0.11500000208616257,0.11500000208616257,0.11500000208616257,0
2014-10-29,0.11500000208616257,0.11500000208616257,0.11500000208616257,0.11500000208616257,0
2014-10-30,0.11500000208616257,0.11500000208616257,0.11500000208616257,0.11500000208616257,0
2014-10-31,0.11500000208616257,0.11500000208616257,0.11500000208616257,0.11500000208616257,0
2014-11-03,0.11500000208616257,0.11500000208616257,0.11500000208616257,0.11500000208616257,0
2014-11-04,0.11500000208616257,0.11500000208616257,0.11500000208616257,0.11500000208616257,0
2014-11-05,0.11500000208616257,0.11500000208616257,0.11500000208616257,0.11500000208616257,0
2014-11-06,0.11500000208616257,0.11500000208616257,0.11500000208616257,0.11500000208616257,0
2014-11-07,0.11500000208616257,0.11500000208616257,0.11500000208616257,0.11500000208616257,0
2014-11-10,0.11500000208616257,0.11500000208616257,0.11500000208616257,0.11500000208616257,0
2014-11-11,0.11500000208616257,0.11500000208616257,0.11500000208616257,0.11500000208616257,0
2014-11-12,0.11500000208616257,0.11500000208616257,0.11500000208616257,0.11500000208616257,0
2014-11-13,0.11500000208616257,0.11500000208616257,0.11500000208616257,0.11500000208616257,0
2014-11-14,0.11500000208616257,0.11500000208616257,0.11500000208616257,0.11500000208616257,0
2014-12-01,0.11500000208616257,0.11500000208616257,0.11500000208616257,0.11500000208616257,0
2014-12-02,0.11500000208616257,0.11500000208616257,0.11500000208616257,0.11500000208616257,0
2014-12-03,0.11500000208616257,0.11500000208616257,0.11500000208616257,0.11500000208616257,0
2014-12-04,0.11500000208616257,0.11500000208616257,0.11500000208616257,0.11500000208616257,0
2014-12-05,0.11500000208616257,0.11500000208616257,0.11500000208616257,0.11500000208616257,0
2014-12-08,0.11500000208616257,0.11500000208616257,0.11500000208616257,0.11500000208616257,0
2014-12-09,0.11500000208616257,0.11500000208616257,0.11500000208616257,0.11500000208616257,0
2014-12-10,0.11500000208616257,0.11500000208616257,0.11500000208616257,0.11500000208616257,0
2014-12-11,0.11500000208616257,0.11500000208616257,0.11500000208616257,0.11500000208616257,0
2014-12-12,0.11500000208616257,0.11500000208616257,0.11500000208616257,0.11500000208616257,0
2014-12-15,0.11500000208616257,0.11500000208616257,0.11500000208616257,0.11500000208616257,0
2014-12-16,0.11500000208616257,0.11500000208616257,0.11500000208616257,0.11500000208616257,0
2014-12-17,0.11500000208616257,0.11500000208616257,0.11500000208616257,0.11500000208616257,0
2014-12-18,0.11500000208616257,0.11500000208616257,0.11500000208616257,0.11500000208616257,0
2014-12-19,0.11500000208616257,0.11500000208616257,0.11500000208616257,0.11500000208616257,0
2014-12-22,0.11500000208616257,0.11500000208616257,0.11500000208616257,0.11500000208616257,0
2014-12-23,0.11500000208616257,0.11500000208616257,0.11500000208616257,0.11500000208616257,0
2014-12-24,0.11500000208616257,0.11500000208616257,0.11500000208616257,0.11500000208616257,0
2014-12-26,0.11500000208616257,0.11500000208616257,0.11500000208616257,0.11500000208616257,0
2014-12-29,0.11500000208616257,0.11500000208616257,0.11500000208616257,0.11500000208616257,0
2014-12-30,0.11500000208616257,0.11500000208616257,0.11500000208616257,0.11500000208616257,0
2014-12-31,0.11500000208616257,0.11500000208616257,0.11500000208616257,0.11500000208616257,0
2015-01-02,0.11500000208616257,0.11500000208616257,0.11500000208616257,0.11500000208616257,0
2015-01-05,0.11500000208616257,0.11500000208616257,0.11500000208616257,0.11500000208616257,0
2015-01-06,0.11500000208616257,0.11500000208616257,0.11500000208616257,0.11500000208616257,0
2015-01-07,0.11500000208616257,0.11500000208616257,0.11500000208616257,0.11500000208616257,0
2015-01-08,0.11500000208616257,0.11500000208616257,0.11500000208616257,0.11500000208616257,0
2015-01-09,0.11500000208616257,0.11500000208616257,0.11500000208616257,0.11500000208616257,0
2015-01-12,0.11500000208616257,0.11500000208616257,0.11500000208616257,0.11500000208616257,0
2015-01-13,0.11500000208616257,0.11500000208616257,0.11500000208616257,0.11500000208616257,0
2015-01-14,0.11500000208616257,0.11500000208616257,0.11500000208616257,0.11500000208616257,0
2015-01-15,0.11500000208616257,0.11500000208616257,0.11500000208616257,0.11500000208616257,0
2015-01-16,0.11500000208616257,0.11500000208616257,0.11500000208616257,0.11500000208616257,0
2015-01-20,0.11500000208616257,0.11500000208616257,0.11500000208616257,0.11500000208616257,0
2015-01-21,0.11500000208616257,0.11500000208616257,0.11500000208616257,0.11500000208616257,0
2015-01-22,0.11500000208616257,0.11500000208616257,0.11500000208616257,0.11500000208616257,0
2015-01-23,0.11500000208616257,0.11500000208616257,0.11500000208616257,0.11500000208616257,0
2015-01-26,0.11500000208616257,0.11500000208616257,0.11500000208616257,0.11500000208616257,0
2015-01-27,0.11500000208616257,0.11500000208616257,0.11500000208616257,0.11500000208616257,0
2015-01-28,0.11500000208616257,0.11500000208616257,0.11500000208616257,0.11500000208616257,0
2015-01-29,0.11500000208616257,0.11500000208616257,0.11500000208616257,0.11500000208616257,0
2015-01-30,0.11500000208616257,0.11500000208616257,0.11500000208616257,0.11500000208616257,0
2015-02-02,0.11500000208616257,0.11500000208616257,0.11500000208616257,0.11500000208616257,0
2015-02-03,0.11500000208616257,0.11500000208616257,0.11500000208616257,0.11500000208616257,0
2015-02-04,0.11500000208616257,0.11500000208616257,0.11500000208616257,0.11500000208616257,0
2015-02-05,0.11500000208616257,0.11500000208616257,0.11500000208616257,0.11500000208616257,0
2015-02-06,0.11500000208616257,0.11500000208616257,0.11500000208616257,0.11500000208616257,0
2015-02-09,0.11500000208616257,0.11500000208616257,0.11500000208616257,0.11500000208616257,0
2015-02-10,0.11500000208616257,0.11500000208616257,0.11500000208616257,0.11500000208616257,0
2015-02-11,0.11500000208616257,0.11500000208616257,0.11500000208616257,0.11500000208616257,0
2015-02-12,0.11500000208616257,0.11500000208616257,0.11500000208616257,0.11500000208616257,0
2015-02-13,0.11500000208616257,0.11500000208616257,0.11500000208616257,0.11500000208616257,0
2015-02-17,0.11500000208616257,0.11500000208616257,0.11500000208616257,0.11500000208616257,0
2015-02-18,0.11500000208616257,0.11500000208616257,0.11500000208616257,0.11500000208616257,0
2015-02-19,0.11500000208616257,0.11500000208616257,0.11500000208616257,0.11500000208616257,0
2015-02-20,0.11500000208616257,0.11500000208616257,0.11500000208616257,0.11500000208616257,0
2015-02-23,0.11500000208616257,0.11500000208616257,0.11500000208616257,0.11500000208616257,0
2015-02-24,0.11500000208616257,0.11500000208616257,0.11500000208616257,0.11500000208616257,0
2015-02-25,0.11500000208616257,0.11500000208616257,0.11500000208616257,0.11500000208616257,0
2015-02-26,0.11500000208616257,0.11500000208616257,0.11500000208616257,0.11500000208616257,0
2015-02-27,0.11500000208616257,0.11500000208616257,0.11500000208616257,0.11500000208616257,0
2015-03-02,0.11500000208616257,0.11500000208616257,0.11500000208616257,0.11500000208616257,0
2015-03-03,0.11500000208616257,0.11500000208616257,0.11500000208616257,0.11500000208616257,0
2015-03-04,0.11500000208616257,0.11500000208616257,0.11500000208616257,0.11500000208616257,0
2015-03-05,0.11500000208616257,0.11500000208616257,0.11500000208616257,0.11500000208616257,0
2015-03-06,0.11500000208616257,0.11500000208616257,0.11500000208616257,0.11500000208616257,0
2015-03-09,0.11500000208616257,0.11500000208616257,0.11500000208616257,0.11500000208616257,0
2015-03-10,0.11500000208616257,0.11500000208616257,0.11500000208616257,0.11500000208616257,0
2015-03-11,0.11500000208616257,0.11500000208616257,0.11500000208616257,0.11500000208616257,0
2015-03-12,0.11500000208616257,0.11500000208616257,0.11500000208616257,0.11500000208616257,0
2015-03-13,0.11500000208616257,0.11500000208616257,0.11500000208616257,0.11500000208616257,0
2015-03-16,0.11500000208616257,0.11500000208616257,0.11500000208616257,0.11500000208616257,0
2015-03-17,0.11500000208616257,0.11500000208616257,0.11500000208616257,0.11500000208616257,0
2015-03-18,0.11500000208616257,0.11500000208616257,0.11500000208616257,0.11500000208616257,0
2015-03-19,0.11500000208616257,0.11500000208616257,0.11500000208616257,0.11500000208616257,0
2015-03-20,0.11500000208616257,0.11500000208616257,0.11500000208616257,0.11500000208616257,0
2015-03-23,0.11500000208616257,0.11500000208616257,0.11500000208616257,0.11500000208616257,0
2015-03-24,0.11500000208616257,0.11500000208616257,0.11500000208616257,0.11500000208616257,0
2015-03-25,0.11500000208616257,0.11500000208616257,0.11500000208616257,0.11500000208616257,0
2015-03-26,0.11500000208616257,0.11500000208616257,0.11500000208616257,0.11500000208616257,0
2015-03-27,0.11500000208616257,0.11500000208616257,0.11500000208616257,0.11500000208616257,0
2015-03-30,0.11500000208616257,0.11500000208616257,0.11500000208616257,0.11500000208616257,0
2015-03-31,0.11500000208616257,0.11500000208616257,0.11500000208616257,0.11500000208616257,0
2015-04-01,0.11500000208616257,0.11500000208616257,0.11500000208616257,0.11500000208616257,0
2015-04-02,0.11500000208616257,0.11500000208616257,0.11500000208616257,0.11500000208616257,0
2015-04-06,0.11500000208616257,0.11500000208616257,0.11500000208616257,0.11500000208616257,0
2015-04-07,0.11500000208616257,0.11500000208616257,0.11500000208616257,0.11500000208616257,0
2015-04-08,0.11500000208616257,0.11500000208616257,0.11500000208616257,0.11500000208616257,0
2015-04-09,0.11500000208616257,0.11500000208616257,0.11500000208616257,0.11500000208616257,0
2015-04-10,0.11500000208616257,0.11500000208616257,0.11500000208616257,0.11500000208616257,0
2015-04-13,0.11500000208616257,0.11500000208616257,0.11500000208616257,0.11500000208616257,0
2015-04-14,0.11500000208616257,0.11500000208616257,0.11500000208616257,0.11500000208616257,0
2015-04-15,0.11500000208616257,0.11500000208616257,0.11500000208616257,0.11500000208616257,0
2015-04-16,0.11500000208616257,0.11500000208616257,0.11500000208616257,0.11500000208616257,0
2015-04-17,0.11500000208616257,0.11500000208616257,0.11500000208616257,0.11500000208616257,0
2015-04-20,0.11500000208616257,0.11500000208616257,0.11500000208616257,0.11500000208616257,0
2015-04-21,0.11500000208616257,0.11500000208616257,0.11500000208616257,0.11500000208616257,0
2015-04-22,0.11500000208616257,0.11500000208616257,0.11500000208616257,0.11500000208616257,0
2015-04-23,0.11500000208616257,0.11500000208616257,0.11500000208616257,0.11500000208616257,0
2015-04-24,0.11500000208616257,0.11500000208616257,0.11500000208616257,0.11500000208616257,0
2015-04-27,0.11500000208616257,0.11500000208616257,0.11500000208616257,0.11500000208616257,0
2015-04-28,0.11500000208616257,0.11500000208616257,0.11500000208616257,0.11500000208616257,0
2015-04-29,0.11500000208616257,0.11500000208616257,0.11500000208616257,0.11500000208616257,0
2015-04-30,0.11500000208616257,0.11500000208616257,0.11500000208616257,0.11500000208616257,0
2015-05-01,0.11500000208616257,0.11500000208616257,0.11500000208616257,0.11500000208616257,0
2015-05-04,0.11500000208616257,0.11500000208616257,0.11500000208616257,0.11500000208616257,0
2015-05-05,0.11500000208616257,0.11500000208616257,0.11500000208616257,0.11500000208616257,0
2015-05-06,0.11500000208616257,0.11500000208616257,0.11500000208616257,0.11500000208616257,0
2015-05-07,0.11500000208616257,0.11500000208616257,0.11500000208616257,0.11500000208616257,0
2015-05-08,0.11500000208616257,0.11500000208616257,0.11500000208616257,0.11500000208616257,0
2015-05-11,0.11500000208616257,0.11500000208616257,0.11500000208616257,0.11500000208616257,0
2015-05-12,0.11500000208616257,0.11500000208616257,0.11500000208616257,0.11500000208616257,0
2015-05-13,0.11500000208616257,0.11500000208616257,0.11500000208616257,0.11500000208616257,0
2015-05-14,0.11500000208616257,0.11500000208616257,0.11500000208616257,0.11500000208616257,0
2015-05-15,0.11500000208616257,0.11500000208616257,0.11500000208616257,0.11500000208616257,0
2015-05-18,0.11500000208616257,0.11500000208616257,0.11500000208616257,0.11500000208616257,0
2015-05-19,0.11500000208616257,0.11500000208616257,0.11500000208616257,0.11500000208616257,0
2015-05-20,0.11500000208616257,0.11500000208616257,0.11500000208616257,0.11500000208616257,0
2015-05-21,0.11500000208616257,0.11500000208616257,0.11500000208616257,0.11500000208616257,0
2015-05-22,0.11500000208616257,0.11500000208616257,0.11500000208616257,0.11500000208616257,0
2015-05-26,0.11500000208616257,0.11500000208616257,0.11500000208616257,0.11500000208616257,0
2015-05-27,0.11500000208616257,0.11500000208616257,0.11500000208616257,0.11500000208616257,0
2015-05-28,0.11500000208616257,0.11500000208616257,0.11500000208616257,0.11500000208616257,0
2015-05-29,0.11500000208616257,0.11500000208616257,0.11500000208616257,0.11500000208616257,0
2015-06-01,0.11500000208616257,0.11500000208616257,0.11500000208616257,0.11500000208616257,0
2015-06-02,0.11500000208616257,0.11500000208616257,0.11500000208616257,0.11500000208616257,0
2015-06-03,0.11500000208616257,0.11500000208616257,0.11500000208616257,0.11500000208616257,0
2015-06-04,0.11500000208616257,0.11500000208616257,0.11500000208616257,0.11500000208616257,0
2015-06-05,0.11500000208616257,0.11500000208616257,0.11500000208616257,0.11500000208616257,0
2015-06-08,0.11500000208616257,0.11500000208616257,0.11500000208616257,0.11500000208616257,0
2015-06-09,0.11500000208616257,0.11500000208616257,0.11500000208616257,0.11500000208616257,0
2015-06-10,0.11500000208616257,0.11500000208616257,0.11500000208616257,0.11500000208616257,0
2015-06-11,0.11500000208616257,0.11500000208616257,0.11500000208616257,0.11500000208616257,0
2015-06-12,0.11500000208616257,0.11500000208616257,0.11500000208616257,0.11500000208616257,0
2015-06-15,0.11500000208616257,0.11500000208616257,0.11500000208616257,0.11500000208616257,0
2015-06-16,0.11500000208616257,0.11500000208616257,0.11500000208616257,0.11500000208616257,0
2015-06-17,0.11500000208616257,0.11500000208616257,0.11500000208616257,0.11500000208616257,0
2015-06-18,0.11500000208616257,0.11500000208616257,0.11500000208616257,0.11500000208616257,0
2015-06-19,0.11500000208616257,0.11500000208616257,0.11500000208616257,0.11500000208616257,0
2015-06-22,0.11500000208616257,0.11500000208616257,0.11500000208616257,0.11500000208616257,0
2015-06-23,0.11500000208616257,0.11500000208616257,0.11500000208616257,0.11500000208616257,0
2015-06-24,0.11500000208616257,0.11500000208616257,0.11500000208616257,0.11500000208616257,0
2015-06-25,0.11500000208616257,0.11500000208616257,0.11500000208616257,0.11500000208616257,0
2015-06-26,0.11500000208616257,0.11500000208616257,0.11500000208616257,0.11500000208616257,0
2015-06-29,0.11500000208616257,0.11500000208616257,0.11500000208616257,0.11500000208616257,0
2015-06-30,0.11500000208616257,0.11500000208616257,0.11500000208616257,0.11500000208616257,0
2015-07-01,0.11500000208616257,0.11500000208616257,0.11500000208616257,0.11500000208616257,0
2015-07-02,0.11500000208616257,0.11500000208616257,0.11500000208616257,0.11500000208616257,0
2015-07-06,0.11500000208616257,0.11500000208616257,0.11500000208616257,0.11500000208616257,0
2015-07-07,0.11500000208616257,0.11500000208616257,0.11500000208616257,0.11500000208616257,0
2015-07-08,0.11500000208616257,0.11500000208616257,0.11500000208616257,0.11500000208616257,0
2015-07-09,0.11500000208616257,0.11500000208616257,0.11500000208616257,0.11500000208616257,0
2015-07-10,0.11500000208616257,0.11500000208616257,0.11500000208616257,0.11500000208616257,0
2015-07-13,0.11500000208616257,0.11500000208616257,0.11500000208616257,0.11500000208616257,0
2015-07-14,0.11500000208616257,0.11500000208616257,0.11500000208616257,0.11500000208616257,0
2015-07-15,0.11500000208616257,0.11500000208616257,0.11500000208616257,0.11500000208616257,0
2015-07-16,0.11500000208616257,0.11500000208616257,0.11500000208616257,0.11500000208616257,0
2015-07-17,0.11500000208616257,0.11500000208616257,0.11500000208616257,0.11500000208616257,0
2015-07-20,0.11500000208616257,0.11500000208616257,0.11500000208616257,0.11500000208616257,0
2015-07-21,0.11500000208616257,0.11500000208616257,0.11500000208616257,0.11500000208616257,0
2015-07-22,0.11500000208616257,0.11500000208616257,0.11500000208616257,0.11500000208616257,0
2015-07-23,0.11500000208616257,0.11500000208616257,0.11500000208616257,0.11500000208616257,0
2015-07-24,0.11500000208616257,0.11500000208616257,0.11500000208616257,0.11500000208616257,0
2015-07-27,0.11500000208616257,0.11500000208616257,0.11500000208616257,0.11500000208616257,0
2015-07-28,0.11500000208616257,0.11500000208616257,0.11500000208616257,0.11500000208616257,0
2015-07-29,0.11500000208616257,0.11500000208616257,0.11500000208616257,0.11500000208616257,0
2015-07-30,0.11500000208616257,0.11500000208616257,0.11500000208616257,0.11500000208616257,0
2015-07-31,0.11500000208616257,0.11500000208616257,0.11500000208616257,0.11500000208616257,0
2015-08-03,0.11500000208616257,0.11500000208616257,0.11500000208616257,0.11500000208616257,0
2015-08-04,0.11500000208616257,0.11500000208616257,0.11500000208616257,0.11500000208616257,0
2015-08-05,0.11500000208616257,0.11500000208616257,0.11500000208616257,0.11500000208616257,0
2015-08-06,0.11500000208616257,0.11500000208616257,0.11500000208616257,0.11500000208616257,0
2015-08-07,0.11500000208616257,0.11500000208616257,0.11500000208616257,0.11500000208616257,0
2015-08-10,0.11500000208616257,0.11500000208616257,0.11500000208616257,0.11500000208616257,0
2015-08-11,0.11500000208616257,0.11500000208616257,0.11500000208616257,0.11500000208616257,0
2015-08-12,0.11500000208616257,0.11500000208616257,0.11500000208616257,0.11500000208616257,0
2015-08-13,0.11500000208616257,0.11500000208616257,0.11500000208616257,0.11500000208616257,0
2015-08-14,0.11500000208616257,0.11500000208616257,0.11500000208616257,0.11500000208616257,0
2015-08-17,0.11500000208616257,0.11500000208616257,0.11500000208616257,0.11500000208616257,0
2015-08-18,0.11500000208616257,0.11500000208616257,0.11500000208616257,0.11500000208616257,0
2015-08-19,0.11500000208616257,0.11500000208616257,0.11500000208616257,0.11500000208616257,0
2015-08-20,0.11500000208616257,0.11500000208616257,0.11500000208616257,0.11500000208616257,0
2015-08-21,0.11500000208616257,0.11500000208616257,0.11500000208616257,0.11500000208616257,0
2015-08-24,0.11500000208616257,0.11500000208616257,0.11500000208616257,0.11500000208616257,0
2015-08-25,0.11500000208616257,0.11500000208616257,0.11500000208616257,0.11500000208616257,0
2015-08-26,0.11500000208616257,0.11500000208616257,0.11500000208616257,0.11500000208616257,0
2015-08-27,0.11500000208616257,0.11500000208616257,0.11500000208616257,0.11500000208616257,0
2015-08-28,0.11500000208616257,0.11500000208616257,0.11500000208616257,0.11500000208616257,0
